410357eb9129023509cfaf8d38be61c050bb3b05,8.040450491792763
410357eb9129023509cfaf8d38be61c050bb3b05,8.040450491792763
67212308d026508fd5b6942ffbbdd7b0be2e89de,7.83639143984777
67212308d026508fd5b6942ffbbdd7b0be2e89de,7.83639143984777
84a17972cc6d29489bbe205a9e7feb8745726fbc,7.106239030121509
84a17972cc6d29489bbe205a9e7feb8745726fbc,8.197663763832042
84b6b2d70924066c8345f2bc2281791ae3188da2,8.089232528879949
84b6b2d70924066c8345f2bc2281791ae3188da2,8.007992227600052
851d9a4b9b8e236f2d62282ddf06fae57b7d9492,8.17819495405403
851d9a4b9b8e236f2d62282ddf06fae57b7d9492,8.17819495405403
8531dba6dd1818a4e3f3ba5e355e1e5ea9276afe,7.665024587217081
8531dba6dd1818a4e3f3ba5e355e1e5ea9276afe,7.665024587217081
8554d1155712da4bc72ec5921db3227311265359,8.372894188652385
8554d1155712da4bc72ec5921db3227311265359,8.372894188652385
8576d2d269326a29503a1763996227723fa531a7,8.225425272543804
8576d2d269326a29503a1763996227723fa531a7,8.225425272543804
85838695003ef753ce13327655b84defa54d6eae,7.867643546054224
85838695003ef753ce13327655b84defa54d6eae,7.7482897672843585
859c3b6fce7256abf5acfef957e6c04134c01e4b,7.067347456669863
859c3b6fce7256abf5acfef957e6c04134c01e4b,7.5307059105056995
85bebedd9d4605ff6823f6f25c761e64a588bf22,7.640196792535952
85bebedd9d4605ff6823f6f25c761e64a588bf22,7.640196792535952
85bf028205803eb9b1e5494c540ddd2938606606,8.165153166587595
85bf028205803eb9b1e5494c540ddd2938606606,8.28264793841046
861075bc29124627aacce66a29c6dd835abcf3be,7.977556009182556
861075bc29124627aacce66a29c6dd835abcf3be,7.977556009182556
8674a295a4ae610ccd77b60cbaa692db6a875761,7.8637390145353745
8674a295a4ae610ccd77b60cbaa692db6a875761,7.922391330229843
86a7e49131f2acbd350c4b0b9a2243838bd4e122,8.332190200140117
86a7e49131f2acbd350c4b0b9a2243838bd4e122,8.332190200140117
86adc493a1cc74328222a194a1d1e3adf098b5c8,7.906639670000631
86adc493a1cc74328222a194a1d1e3adf098b5c8,7.906639670000631
86d9a98ab0225d2c2faf6d51fe3b9fad194c3ce3,7.532551079445531
86d9a98ab0225d2c2faf6d51fe3b9fad194c3ce3,7.361675599165559
87322721181928972ce2b67242f61ff23275f3dd,7.953913351733312
87322721181928972ce2b67242f61ff23275f3dd,7.6639145721041375
875e48fd13e52a01a4d48d745d72128f25b9ec81,8.510503927203226
875e48fd13e52a01a4d48d745d72128f25b9ec81,8.510503927203226
87752697bce404c9b410be71a45e76f3c7fc9392,7.919622252236823
87752697bce404c9b410be71a45e76f3c7fc9392,8.23642460257289
87b3a5eca0c70c7828168756cd7813cc8b3285bd,8.293653744311982
87b3a5eca0c70c7828168756cd7813cc8b3285bd,8.293653744311982
87ce4212940578f8ab9aaab4616b104ab515d4e9,8.158557584316439
87ce4212940578f8ab9aaab4616b104ab515d4e9,7.845577408710697
87e4a8d6efab19e147f510e9b5d10c0d0ff5845e,8.291462189517631
87e4a8d6efab19e147f510e9b5d10c0d0ff5845e,8.291462189517631
88003ba023714648c4312658ad9a4b3703e56de0,7.680404105795538
88003ba023714648c4312658ad9a4b3703e56de0,7.680404105795538
88188301e8d3565c7f1e2cee1f9ab8794676216a,7.559503679248724
88188301e8d3565c7f1e2cee1f9ab8794676216a,7.559503679248724
8819c6723e6d42ad569274ebe2ce4212fd8621c4,8.318989675051258
8819c6723e6d42ad569274ebe2ce4212fd8621c4,8.318989675051258
884afc60bb87e1f0d85311221487273fc5d13d13,7.959320520492302
884afc60bb87e1f0d85311221487273fc5d13d13,8.474387617430272
8866a6da23ad8a2abfb243905e0b5e2c98e366bc,7.904113550861782
8866a6da23ad8a2abfb243905e0b5e2c98e366bc,7.204544972291752
88a694a270a460f5a09e1e8c569b036d03b9b5ea,8.579243636691812
88a694a270a460f5a09e1e8c569b036d03b9b5ea,8.579243636691812
892240639d1170ec0f4bb6248ba3e9bd390ed089,7.683875232033853
892240639d1170ec0f4bb6248ba3e9bd390ed089,7.669650667448944
89521736c16fbbd86315c3f3c555132aee8896ae,7.654533605483453
89521736c16fbbd86315c3f3c555132aee8896ae,7.654533605483453
8960e95f79cd20b46b7e8fd09d0aa88015566a9a,7.382568156956422
8960e95f79cd20b46b7e8fd09d0aa88015566a9a,6.964124042275055
8968e2c95fd09b05d48b4b094529d54d06bf6da5,7.86017331367399
8968e2c95fd09b05d48b4b094529d54d06bf6da5,8.758238682109093
899bf68f741b96e69c8b1d6bf22fd86e00b7c00f,7.776863238641057
899bf68f741b96e69c8b1d6bf22fd86e00b7c00f,7.776863238641057
89b7eb7ce1dccd4f6a7eb59017ac455cf1e57766,7.98427536121992
89b7eb7ce1dccd4f6a7eb59017ac455cf1e57766,8.281711975033065
89cc639060f3d63cf21d893882e544497e32aeea,8.002409880403418
89cc639060f3d63cf21d893882e544497e32aeea,8.002409880403418
89cd14d1bb26c559102e9080a85ffa977cde7fda,8.137049164354462
89cd14d1bb26c559102e9080a85ffa977cde7fda,7.897341403920751
89d4e10b3c250c027e108d10ebc00bda239e7e39,7.74490064834798
89d4e10b3c250c027e108d10ebc00bda239e7e39,7.74490064834798
89fe8b96c04597a0fb63dca3a86e5f36e7580940,8.23337459014784
89fe8b96c04597a0fb63dca3a86e5f36e7580940,7.810843985833686
8a97d52d61d704e77f82fd7f1161d98054f48f25,8.05602935535334
8a97d52d61d704e77f82fd7f1161d98054f48f25,8.192229162772001
8ab396fa5981adcdc777254c57ea744f1fd4cd2c,9.064187090555436
8ab396fa5981adcdc777254c57ea744f1fd4cd2c,9.064187090555436
8aea6c59a11267f4143312770b4c84a2be56f353,7.695283432229579
8aea6c59a11267f4143312770b4c84a2be56f353,8.046388325713842
8b158f3040b574b6d08148e24946fba8bbdc29ca,7.99324475323117
8b158f3040b574b6d08148e24946fba8bbdc29ca,7.585749345062213
8b2735093e532de21b7aabee43b9c76278bdd5cb,8.330089303928867
8b2735093e532de21b7aabee43b9c76278bdd5cb,8.305003762441917
8b3f8cb80815c489e6278cfc1a371b3bee3f6e1e,8.37612889072706
8b3f8cb80815c489e6278cfc1a371b3bee3f6e1e,8.03222987588161
8b43c7696dc13421431102cb4385363ee33513e0,7.983891926081331
8b43c7696dc13421431102cb4385363ee33513e0,7.983891926081331
8b557374000feae5ac9aee7b4078bfea53176ffc,7.706443332065899
8b557374000feae5ac9aee7b4078bfea53176ffc,7.505098955406854
8b65dcf807a9de0c95c0896919da04523176fab8,7.653724370630221
8b65dcf807a9de0c95c0896919da04523176fab8,7.8244550340467045
8beffc1494bb81af08c352aea875a183e45bd824,8.722135718643239
8beffc1494bb81af08c352aea875a183e45bd824,8.722135718643239
8bf27a767fce0a5fb359059183d06e01d62dca8c,6.997562425372641
8bf27a767fce0a5fb359059183d06e01d62dca8c,6.997562425372641
8c5d6de5fca9e769de9676c911d9e082ec1a9fb4,7.387560272979897
8c5d6de5fca9e769de9676c911d9e082ec1a9fb4,7.387560272979897
8c6976c873d2ab3f4af9188a4189c46a032a53d5,7.429153737088685
8c6976c873d2ab3f4af9188a4189c46a032a53d5,7.741934564742824
8cf96ad1e77c722694ef03a06a781d61d632f2c0,8.634870573478564
8cf96ad1e77c722694ef03a06a781d61d632f2c0,8.634870573478564
8d0a196c1c472a4601384f4235f293c4a341b3a9,7.843280339465262
8d0a196c1c472a4601384f4235f293c4a341b3a9,7.843280339465262
8d14518288c33c098206996aab23c31b3eefc864,7.956907685417011
8d14518288c33c098206996aab23c31b3eefc864,7.787958635307102
8d65a433657534866907ca34885953c36951db06,7.774832448646778
8d65a433657534866907ca34885953c36951db06,7.774832448646778
8d811d7887c2c868b631a2bd296412bde2b49bae,8.038940549228466
8d811d7887c2c868b631a2bd296412bde2b49bae,8.038940549228466
8d9b19c2ff7d630d2d48932f3c1d35aaa97ad51f,7.941614857769567
8d9b19c2ff7d630d2d48932f3c1d35aaa97ad51f,7.941614857769567
8dada7632816cb20f182c306ae74184ea9e056fb,7.469124731316018
8dada7632816cb20f182c306ae74184ea9e056fb,7.469124731316018
8e20affd5aca29391f582b7dd756c83205297c11,7.991685969767649
8e20affd5aca29391f582b7dd756c83205297c11,7.991685969767649
8e3a076971fce919b1a5a0bc62dcef86264a1c24,8.166187968586023
8e3a076971fce919b1a5a0bc62dcef86264a1c24,8.166187968586023
8e5fc3c13f17c0502fe3f0a8404b461b46183f8a,7.718160515206249
8e5fc3c13f17c0502fe3f0a8404b461b46183f8a,8.245258517549038
8ee77ba42fdd6aff7a9eaa84d70064c4cb39cdc2,8.061143730615298
8ee77ba42fdd6aff7a9eaa84d70064c4cb39cdc2,8.061143730615298
8ee958ba68793684a9962e1b60847d7b73d7c9d1,7.957811790933664
8ee958ba68793684a9962e1b60847d7b73d7c9d1,8.155277329022837
8ef999ab1a83c2760064ac6c7a4b6c4115c5a186,7.856284987427133
8ef999ab1a83c2760064ac6c7a4b6c4115c5a186,8.007571196977684
8ef9f17bb904f437ec0a9849d820ed0f86843517,8.548701481923887
8ef9f17bb904f437ec0a9849d820ed0f86843517,8.257143606648993
8f19ffb508b23f955b93ebd99153f8ec99025785,7.726231808805972
8f19ffb508b23f955b93ebd99153f8ec99025785,8.200718505488709
8f7402db46b9b2a95aaa8282be9e471a3ee659ba,7.880970722077141
8f7402db46b9b2a95aaa8282be9e471a3ee659ba,7.903334645301625
8fa7abd9421e396273c3571b177340434fc132f6,7.05368337951214
8fa7abd9421e396273c3571b177340434fc132f6,7.05368337951214
8fdb7157f90753735edf97fcc828b75e6a8042d6,7.831245761969799
8fdb7157f90753735edf97fcc828b75e6a8042d6,7.831245761969799
9038ddd6c0d498cb8c65b4510e99e8527eabd40c,7.711402072196018
9038ddd6c0d498cb8c65b4510e99e8527eabd40c,7.711402072196018
9081ee605de7c5e739569f3f829cba953cb918f4,8.018149314703903
9081ee605de7c5e739569f3f829cba953cb918f4,8.018149314703903
908365770c09838aa1bc1874bf3915779910e775,8.098521656691563
908365770c09838aa1bc1874bf3915779910e775,8.10643311102725
908ccf9bf5e0e7ab597a09fa19d91b1a5563b43b,7.064765180950668
908ccf9bf5e0e7ab597a09fa19d91b1a5563b43b,7.597339827621122
909386947a62f62c8b94ddde0b623b87c01e2524,8.526497826534234
909386947a62f62c8b94ddde0b623b87c01e2524,8.526497826534234
90d54808ce52c41418550421c387818cae759dec,8.532435735265228
90d54808ce52c41418550421c387818cae759dec,8.731111426915172
911315669fafba0a06cdbf08da7cff7e81f49759,7.849906392029386
911315669fafba0a06cdbf08da7cff7e81f49759,7.849906392029386
911daa5a6058823b007274f35ba038da7ec89a11,7.814340253471151
911daa5a6058823b007274f35ba038da7ec89a11,7.840428836072098
911f5eafac3def56e71836d495b740cd059edbcf,7.827681091195633
911f5eafac3def56e71836d495b740cd059edbcf,7.827681091195633
913eb5b320c3f4b475e8064303960997b0dd7a9f,7.316432374575692
913eb5b320c3f4b475e8064303960997b0dd7a9f,7.316432374575692
9167062812b68b140da9de7f824ec6131ef31a01,7.225644399507436
9167062812b68b140da9de7f824ec6131ef31a01,7.225644399507436
917f1aba835e5d7e79fc124c1d7a3c8c2588cf8b,8.215576492641642
917f1aba835e5d7e79fc124c1d7a3c8c2588cf8b,8.301744860307073
91ccfc470d803af51ecbb91da39db5592e3a3324,8.226363185150035
91ccfc470d803af51ecbb91da39db5592e3a3324,8.226363185150035
91eb4058d0937eb5499d0f6b2a8dbae6f47eddf9,8.042944216803349
91eb4058d0937eb5499d0f6b2a8dbae6f47eddf9,8.042944216803349
91f7019ee1831ead0e667cf264dfe7be6b743f3f,8.50403763385628
91f7019ee1831ead0e667cf264dfe7be6b743f3f,8.50403763385628
920523a6f06947927c3d1b9c2c902fae6eb740a1,8.028391534141488
920523a6f06947927c3d1b9c2c902fae6eb740a1,8.011266635059455
921b990c548efb5620585b0fe3049ed43dfda903,7.594439155300828
921b990c548efb5620585b0fe3049ed43dfda903,7.594439155300828
92213400df98f5441533511526206328cdde4159,7.449219914450015
92213400df98f5441533511526206328cdde4159,7.451485482709837
927008a1eb1983b52fe269b504f398ca185603c3,7.385124247669995
927008a1eb1983b52fe269b504f398ca185603c3,8.021839592804982
9272bf390ef4a8e31a5285c14ec721495414c53a,7.696728739701209
9272bf390ef4a8e31a5285c14ec721495414c53a,7.696728739701209
92828f67b16f5e96ddb0d436aaa6f1193104c037,8.28847446369155
92828f67b16f5e96ddb0d436aaa6f1193104c037,8.23277290113334
92a1cd997867a6115b3d079903e63aba8dd214cf,7.67744562766241
92a1cd997867a6115b3d079903e63aba8dd214cf,7.67744562766241
92cea32d04d98c66af1c1366fe9811047a9b1cea,7.874195147220553
92cea32d04d98c66af1c1366fe9811047a9b1cea,8.201726511531174
92de4c1319bb3b07781b63801e4599302764dc5f,7.880894104912458
92de4c1319bb3b07781b63801e4599302764dc5f,7.880894104912458
92e2b243f8ca7bf1ce773bedf8205980f034ff05,7.987648881792381
92e2b243f8ca7bf1ce773bedf8205980f034ff05,7.9572454689995915
92f51b59f25a16e76b18441fbe797a2fa2a5d3b5,8.536552305272647
92f51b59f25a16e76b18441fbe797a2fa2a5d3b5,8.536552305272647
934776ec5bd2147907362602555bd692fc56aab9,8.123165253471518
934776ec5bd2147907362602555bd692fc56aab9,8.123165253471518
93635a4013ec683f217cad90ca4e41aa557c3922,7.933592176640255
93635a4013ec683f217cad90ca4e41aa557c3922,7.933592176640255
93bda77bd8d32e4fa1a0549b76f807fbc22f1f7f,7.827952481810864
93bda77bd8d32e4fa1a0549b76f807fbc22f1f7f,7.827952481810864
943f8910b7d79d76726a7c50a996a39a00fb033b,6.7613189840794234
943f8910b7d79d76726a7c50a996a39a00fb033b,7.057221733295962
945546f9d4db4b9599e57ffd4271193406f0d96b,7.1997645357951745
945546f9d4db4b9599e57ffd4271193406f0d96b,7.172742342824175
947a2e7cf57ae1a546f98831d861cd87c4fd5ff5,8.01937218501814
947a2e7cf57ae1a546f98831d861cd87c4fd5ff5,7.949663365477222
948fbf59cd52083820e8e1682a5bc2a34793997a,8.859873693019725
948fbf59cd52083820e8e1682a5bc2a34793997a,8.859873693019725
94ec21d59f07c2091e0359a0085fa6c569ed30c4,7.714246165028111
94ec21d59f07c2091e0359a0085fa6c569ed30c4,7.714246165028111
950671c7855e25bf4a8330768cabc430bee030c9,7.581899671915618
950671c7855e25bf4a8330768cabc430bee030c9,7.581899671915618
951b5bb9ecd6593cecd2bd72fdf62a0785bd3b3b,7.960427181443086
951b5bb9ecd6593cecd2bd72fdf62a0785bd3b3b,8.231115847900758
952c0daa0b72620df1288d516f0a2abeb5b3986d,7.369095584404325
952c0daa0b72620df1288d516f0a2abeb5b3986d,7.312486203676128
952e48fc51ee7afbd972a8305c2f22a80ce9ce92,7.735432913562458
952e48fc51ee7afbd972a8305c2f22a80ce9ce92,7.735432913562458
95c2c72faa0bcedf9452be96511b7ab488754e77,7.626802214159551
95c2c72faa0bcedf9452be96511b7ab488754e77,7.626802214159551
96013c7ce1186c9a18f5127959bb867243b1b9f2,7.606767604935127
96013c7ce1186c9a18f5127959bb867243b1b9f2,7.49814960837036
962de82430c78164a7c1cceffdfe31dd0f3c3cd3,7.960881054434169
962de82430c78164a7c1cceffdfe31dd0f3c3cd3,7.960881054434169
96d8f7656a57c4a757129d95863a463358a0c3ca,7.236323689567385
96d8f7656a57c4a757129d95863a463358a0c3ca,7.555895389273276
96ded661b95e3d4d3cf1c8d45aeae3b335224583,8.199067759478469
96ded661b95e3d4d3cf1c8d45aeae3b335224583,8.213152349120362
970dc7689a54be2108e10cf65af78d85288b64e9,8.035499623353
970dc7689a54be2108e10cf65af78d85288b64e9,7.851883483365019
97469bc8eac2e4fd57266fa9821a50561a4d8473,8.406671687993423
97469bc8eac2e4fd57266fa9821a50561a4d8473,8.406671687993423
97983f3249349cfcb409b75d5f53e5cbab2bfa5a,8.03836239566123
97983f3249349cfcb409b75d5f53e5cbab2bfa5a,7.780633423020224
979ddec134899a31461a05d820b9d6cad713715b,6.844893524331928
979ddec134899a31461a05d820b9d6cad713715b,7.4964096115785654
980a5ef7011a98b8fa55e5ac3d7ebce6f7784286,8.727582744459479
980a5ef7011a98b8fa55e5ac3d7ebce6f7784286,8.727582744459479
980f92c1ca3d1d662e790e884a1bafb6785dfe45,7.352675888841839
980f92c1ca3d1d662e790e884a1bafb6785dfe45,7.724727421008769
9843de5b71377fd3392db81e3178e11bbe90d95c,8.09633265647383
9843de5b71377fd3392db81e3178e11bbe90d95c,8.054762172232412
9871e11a3a4574e6b565733fe3e565f13d670744,8.017733902405162
9871e11a3a4574e6b565733fe3e565f13d670744,8.017733902405162
987888aba1d68d84a51fcfef4131d649024e0aec,8.493607706184944
987888aba1d68d84a51fcfef4131d649024e0aec,8.265877089315117
98903e3bc03971360097ad809526370f701ef5f7,7.877446849164838
98903e3bc03971360097ad809526370f701ef5f7,7.877446849164838
98cafa82b3e7f1a3a179c62509778cf9290ca87c,8.3682027827817
98cafa82b3e7f1a3a179c62509778cf9290ca87c,8.242632593100973
9906fd2917a481b373848f6d084228f34ace63a4,7.93644171757406
9906fd2917a481b373848f6d084228f34ace63a4,7.93644171757406
99103791231143dd15aa77f2aeb87b2cd4a1c22e,7.49120097276183
99103791231143dd15aa77f2aeb87b2cd4a1c22e,7.49120097276183
9938999e257ea21c657f6c63ff386937544987aa,7.499867641650979
9938999e257ea21c657f6c63ff386937544987aa,7.483588867005508
994f5b5cdc8a126efbb290700caf797948ac1841,7.843903856968983
994f5b5cdc8a126efbb290700caf797948ac1841,7.086267170138185
99751d158308f801241e028eb7c6b0363fc6ec88,8.05194749510022
99751d158308f801241e028eb7c6b0363fc6ec88,8.05194749510022
9981528e7324f2d92c27f163b5d0424a07f94b67,7.726817974420626
9981528e7324f2d92c27f163b5d0424a07f94b67,7.955547885863272
99935e2b7f9f41bd823ece5418896aaf72e223fc,7.905487482409275
99935e2b7f9f41bd823ece5418896aaf72e223fc,7.905487482409275
999704c760821f39257d453f58ae57cdc5db7cee,8.213054501856746
999704c760821f39257d453f58ae57cdc5db7cee,8.239847543242172
9a20834c7ddbbf82eff849ff8e4f321b856970de,8.181794370058855
9a20834c7ddbbf82eff849ff8e4f321b856970de,8.181794370058855
9a31bbe1021725b074357ae4668bed6eb7e46bc1,7.273497129246808
9a31bbe1021725b074357ae4668bed6eb7e46bc1,7.310760350383072
9a5d7462df7a85794cd0d7d2c510ebf725d2e13d,8.24661910333863
9a5d7462df7a85794cd0d7d2c510ebf725d2e13d,8.24661910333863
9a6d7a470aab3fb51ab58261637c58c239ad804f,8.41032734563013
9a6d7a470aab3fb51ab58261637c58c239ad804f,8.41032734563013
9a7c94325cf12595e72895187822c354cd8ef458,7.9754845072035225
9a7c94325cf12595e72895187822c354cd8ef458,7.9754845072035225
9a8ad4a46036cc65da3ce25da0a1b9e70f979655,7.23785631145477
9a8ad4a46036cc65da3ce25da0a1b9e70f979655,7.171002039506839
9aace874af47927645c48f21ffeb82f8e15f24e1,8.877634167427317
9aace874af47927645c48f21ffeb82f8e15f24e1,8.877634167427317
9b0622ca034d946055f8590f554fde632487742f,7.679836835955078
9b0622ca034d946055f8590f554fde632487742f,7.679836835955078
9b4fd6bc9be128b294d3a8590bb6a146bc503902,7.657798383440958
9b4fd6bc9be128b294d3a8590bb6a146bc503902,7.707247688486865
9b536900fbffe20f4db747af055dec68b3ddb6ab,8.723073191970133
9b536900fbffe20f4db747af055dec68b3ddb6ab,8.265877089315117
9b6d776d82bca421eb10bc4a1f5f866af7fc2a3d,8.408519401168402
9b6d776d82bca421eb10bc4a1f5f866af7fc2a3d,8.23200364640261
9b788cef19b68860b4cba1f072cfc4744e6610b7,7.810305501125321
9b788cef19b68860b4cba1f072cfc4744e6610b7,7.810305501125321
9b9216e586500b4d619e331890d3745eea1176b0,8.171193073434205
9b9216e586500b4d619e331890d3745eea1176b0,8.171193073434205
9bbf52d74e4300842b27973d5e1d65a74c54c1b9,7.071948663413213
9bbf52d74e4300842b27973d5e1d65a74c54c1b9,7.071948663413213
9bc8e6286b7a331de79c4c4e868b806c0b3bb12a,8.275803222484312
9bc8e6286b7a331de79c4c4e868b806c0b3bb12a,8.275803222484312
9c03af1da21c500de8e0a1be24e3c22d341961ca,8.647275159968018
9c03af1da21c500de8e0a1be24e3c22d341961ca,8.265877089315117
9c4e901d499220d23e819ffe0156ef62c7bcfdbc,8.324236568192864
9c4e901d499220d23e819ffe0156ef62c7bcfdbc,8.057891876187478
9c59b505cc82ae66d54df9629666137c9527e56d,8.151673955274095
9c59b505cc82ae66d54df9629666137c9527e56d,8.002948793484475
9c8c8ca8e36d83954ecf380f84b01759c8363df6,7.420767977880363
9c8c8ca8e36d83954ecf380f84b01759c8363df6,7.992124525525075
9cb2a2853cd6c58a9b7d07a87ef3138c3cf723b8,6.851854461377193
9cb2a2853cd6c58a9b7d07a87ef3138c3cf723b8,6.851854461377193
9cf17df2214b19cf4cd63df22b802afde8cb98eb,8.845089550690304
9cf17df2214b19cf4cd63df22b802afde8cb98eb,8.265877089315117
9cf5d1c0d7ddfd6b78c222e83894ca3a75ee47f2,8.025431508792453
9cf5d1c0d7ddfd6b78c222e83894ca3a75ee47f2,8.293581962282847
9d053bdf589efd451ff25e1977e438b11122e0fa,8.36673272094129
9d053bdf589efd451ff25e1977e438b11122e0fa,9.31974975010107
9d12b920015fc145b62c73ca689e71a362e33b35,7.121689666771305
9d12b920015fc145b62c73ca689e71a362e33b35,7.121689666771305
9d46769291771df99e8061cc9c5d79aacb087210,7.057931254852959
9d46769291771df99e8061cc9c5d79aacb087210,7.78094379897798
9d549d02a71100ae95cf02deb371138097549edc,7.953455812472818
9d549d02a71100ae95cf02deb371138097549edc,7.953455812472818
9d69c1d50467997289ee1396002cd197883a2b74,7.375190861435642
9d69c1d50467997289ee1396002cd197883a2b74,7.375190861435642
9d789185f1d5fb7bd42acd9d6dc1f5380fef1c4c,7.924616478152942
9d789185f1d5fb7bd42acd9d6dc1f5380fef1c4c,8.265877089315117
9d91374d67624389dacb4b429b8fa8c18442b29c,7.6541162803224125
9d91374d67624389dacb4b429b8fa8c18442b29c,7.6541162803224125
9db80a153d642e12571588fd68473c6e307195df,8.366817074470045
9db80a153d642e12571588fd68473c6e307195df,8.366817074470045
9de51c3306c206bfeaf41f4aafc8526300a9f103,7.85307708082247
9de51c3306c206bfeaf41f4aafc8526300a9f103,7.85307708082247
9deeecfc873e74ca5ef8b27fb6b22bf7a536ab86,7.039716516970342
9deeecfc873e74ca5ef8b27fb6b22bf7a536ab86,7.039716516970342
9e0457ac0f2824c5e725d83bdeee91ed078343b4,7.764615740991479
9e0457ac0f2824c5e725d83bdeee91ed078343b4,8.54885872805643
9e1f7de0fe95b78cc2236adb52b0420b382b40c3,7.907070908542778
9e1f7de0fe95b78cc2236adb52b0420b382b40c3,7.907070908542778
9e4c480f54169dd91629ec30917139f2b16bf6b3,7.825257569881853
9e4c480f54169dd91629ec30917139f2b16bf6b3,7.825257569881853
9ec1ac8c3d812703485bee8d58b2a81f4edc8754,7.950692638789864
9ec1ac8c3d812703485bee8d58b2a81f4edc8754,7.950692638789864
9ec591a707f8d7eaaa8b43b6faa23292511ffef3,7.21706972154852
9ec591a707f8d7eaaa8b43b6faa23292511ffef3,7.21706972154852
9eef5b76500d606c0ace08b9cd3ee9403e9e9664,8.643368319510506
9eef5b76500d606c0ace08b9cd3ee9403e9e9664,8.643368319510506
9f605b4802c811805adc38ae19035ded09a5e4b5,7.624358873302502
9f605b4802c811805adc38ae19035ded09a5e4b5,7.8213062033951894
9f8f3fbc1f6d3f36859a33054203c55d028c6e65,6.689340991767484
9f8f3fbc1f6d3f36859a33054203c55d028c6e65,6.689340991767484
a05a86b21a7d5922fed8c50f36d307ed7a8cc70b,7.686792903396096
a05a86b21a7d5922fed8c50f36d307ed7a8cc70b,7.7475502851751346
a05ee87ddc674ddf01518fe125eaeec0820ea53e,7.232895268945496
a05ee87ddc674ddf01518fe125eaeec0820ea53e,7.3754330628160565
a07cb417ba30c0e4d8cc3831f093740ece8be01d,8.30356377338337
a07cb417ba30c0e4d8cc3831f093740ece8be01d,8.30356377338337
a0ec1fa9ef85571c363b1ff524a7bccd583b0ee2,7.038886495999754
a0ec1fa9ef85571c363b1ff524a7bccd583b0ee2,7.038886495999754
a10c5f4ba04fc56032719cc84184c0ad5b5f8446,7.626811984708923
a10c5f4ba04fc56032719cc84184c0ad5b5f8446,7.626811984708923
a11fcd52b2df310a3f3bf8e0561a2c587005e96d,8.225507660575092
a11fcd52b2df310a3f3bf8e0561a2c587005e96d,8.225507660575092
a130e19ad47a6849ba0261a7a81a8d9bb93f3a7a,8.042885347092453
a130e19ad47a6849ba0261a7a81a8d9bb93f3a7a,7.6869786978954115
a18783b2a14d61192a1b97ce3daca9e67cb8cd59,8.456399904465481
a18783b2a14d61192a1b97ce3daca9e67cb8cd59,8.049038293927701
a1b60c404f7df8f6f2695982048cac298567b821,7.733710729601356
a1b60c404f7df8f6f2695982048cac298567b821,8.14379196090244
a1d026f103e45011fefbfd9ddc32eedf16edd5f8,7.407226273351303
a1d026f103e45011fefbfd9ddc32eedf16edd5f8,7.407226273351303
a211065a6e065d2421b924d4e9314f1026611aa2,7.2676152400321365
a211065a6e065d2421b924d4e9314f1026611aa2,7.2676152400321365
a22a58c5be8aa2c2700619e37f2b7a6e4efa7e6b,8.538073865192404
a22a58c5be8aa2c2700619e37f2b7a6e4efa7e6b,8.00999118397974
a244f431e70a9d4c780ac6914b564d98c04ac7ff,7.580261141630699
a244f431e70a9d4c780ac6914b564d98c04ac7ff,7.580261141630699
a24729ea6c4aab24a9d6dc73513113e8b8fcf35c,7.666254707831085
a24729ea6c4aab24a9d6dc73513113e8b8fcf35c,7.666254707831085
a274dc9836c18bf295e9e81afecbdd72825ea79c,7.336162207624217
a274dc9836c18bf295e9e81afecbdd72825ea79c,7.336162207624217
a30f91cf4dd6e15b62a675de5087a6db82d61f51,8.277511903414123
a30f91cf4dd6e15b62a675de5087a6db82d61f51,8.277511903414123
a3748712b8685edb49cf966b7e662e1647503013,7.899605994724735
a3748712b8685edb49cf966b7e662e1647503013,8.265877089315117
a3c251eb71ac7769282f383672f19d3cf66f1b04,7.91675840574229
a3c251eb71ac7769282f383672f19d3cf66f1b04,8.262742861313875
a40402ff4c87721e74766e6751bb458653b3e686,7.629203929882907
a40402ff4c87721e74766e6751bb458653b3e686,7.976408292791391
a4a81c655f21aac65297532528cba5a28e8f5ab1,7.1736551460481355
a4a81c655f21aac65297532528cba5a28e8f5ab1,7.1736551460481355
a50e88cb6830931dd1271dfc49b3497d63bd436b,8.09867381294238
a50e88cb6830931dd1271dfc49b3497d63bd436b,8.09867381294238
a52c67c0bc1c6ae7da7c6e4d38cc7ac5a869ed39,8.153383330750483
a52c67c0bc1c6ae7da7c6e4d38cc7ac5a869ed39,8.153383330750483
a576ed0ff4b19b2c864b2c489227a491ac670b84,7.169880354715729
a576ed0ff4b19b2c864b2c489227a491ac670b84,7.169880354715729
a57d3a31b965e00aa208f4d499c0b3637f759838,7.692655810411702
a57d3a31b965e00aa208f4d499c0b3637f759838,7.692655810411702
a57e6a1dc883554789ef6049be9b51530a7aa207,7.669294953894071
a57e6a1dc883554789ef6049be9b51530a7aa207,7.482845249464725
a593667aa30cd094ca66d70dbb5ee98fc64d38f0,7.119085162102447
a593667aa30cd094ca66d70dbb5ee98fc64d38f0,7.119085162102447
a5aef107fcfe6b7323ead96aed8ef74a69efe042,8.523150492924888
a5aef107fcfe6b7323ead96aed8ef74a69efe042,7.881722057584344
a5b034cb2c29d312a2e5475da6174e196cfc3c1b,8.774655593958709
a5b034cb2c29d312a2e5475da6174e196cfc3c1b,8.769379201586474
a5f22a73b7cb93619da1f3cbc56febec52b1c16e,6.768539225825685
a5f22a73b7cb93619da1f3cbc56febec52b1c16e,8.0815920714099
a5fbdd306fbe3003283cf2cb7ae4c371c9693290,8.035489051332483
a5fbdd306fbe3003283cf2cb7ae4c371c9693290,8.035489051332483
a60f543d315ec120d2f433cdccc19342c9c3be02,7.957126819620671
a60f543d315ec120d2f433cdccc19342c9c3be02,8.226959379298638
a62742a35ef9194f7da07e547fe13f99bb6257bd,7.3365989198595205
a62742a35ef9194f7da07e547fe13f99bb6257bd,7.3365989198595205
a632e2659eb116c7514dd825ffaa8939365c71e2,7.686058264049733
a632e2659eb116c7514dd825ffaa8939365c71e2,7.686058264049733
a65549b33ec5839c95aa1e9c2e50f74685ad7cc5,7.037437912205118
a65549b33ec5839c95aa1e9c2e50f74685ad7cc5,7.037437912205118
a688299300a50fed79edb502fb02fc503a564308,7.0734687482038066
a688299300a50fed79edb502fb02fc503a564308,7.0734687482038066
a6bd1b3de6ceb8be610c33e3a0e4a89350700984,7.894064758969963
a6bd1b3de6ceb8be610c33e3a0e4a89350700984,7.894064758969963
a6f3201e19df0a0fdf0a3d878d6a8d2e50eefc70,8.421041114715768
a6f3201e19df0a0fdf0a3d878d6a8d2e50eefc70,8.421041114715768
a727c00002127704e5ae41a4a08948dc43b4aefc,7.877294311100637
a727c00002127704e5ae41a4a08948dc43b4aefc,7.65042509573862
a7442b91887824d182c90cd82955b97a1404dc21,6.85837481398873
a7442b91887824d182c90cd82955b97a1404dc21,6.85837481398873
a74f9942a4bf89bc51a259bdd7f5427f1ccc82f8,8.17649455702874
a74f9942a4bf89bc51a259bdd7f5427f1ccc82f8,8.1852001041455
a75958bf7ddea02d2c0d5a300c83abfe240f3552,8.903025300733693
a75958bf7ddea02d2c0d5a300c83abfe240f3552,8.903025300733693
a76e1891c401fc5f73f6942768488b1487533472,8.14312466733554
a76e1891c401fc5f73f6942768488b1487533472,8.420438101400132
a7e953186fda9e7bf8368e2d00a19d024f7db5c8,7.937857202501493
a7e953186fda9e7bf8368e2d00a19d024f7db5c8,7.726492392892844
a819175c8808635fda7c3854536f82d90a7b31cf,7.758391828701841
a819175c8808635fda7c3854536f82d90a7b31cf,7.758391828701841
a832f98e370c27f9fbc8e0caec05700a96e89a4e,7.009298174680115
a832f98e370c27f9fbc8e0caec05700a96e89a4e,7.009298174680115
a90b8415afe8507a36e7be7511fd36f1045418b7,7.34471056693306
a90b8415afe8507a36e7be7511fd36f1045418b7,7.606884063449714
a94238b07de77bffd5189487ac3d56b96db7e09a,7.817700945419088
a94238b07de77bffd5189487ac3d56b96db7e09a,7.894023520307628
a9947ca4f64f3122a22c7827ae089d48db8fd76d,7.602324553359105
a9947ca4f64f3122a22c7827ae089d48db8fd76d,7.602324553359105
a99c3a5ba8f7e25ea61f79dd74cb89d6d8bf8a43,7.904139396625743
a99c3a5ba8f7e25ea61f79dd74cb89d6d8bf8a43,8.42776251309727
a99ed97ee0e4d81fc9a8a5a5baaba5407a897b84,7.249953182580996
a99ed97ee0e4d81fc9a8a5a5baaba5407a897b84,7.864015522440748
a9ccae25b9a8738fd3ce42dfb0fc5e92ca9b8d7f,7.74878532245204
a9ccae25b9a8738fd3ce42dfb0fc5e92ca9b8d7f,7.74878532245204
a9da415ddd0567c5995957b2239621158a4521f1,8.380979691820029
a9da415ddd0567c5995957b2239621158a4521f1,8.380979691820029
aa01429991aa756b651364d54b7b28c2bfeb6c3c,7.289783116668255
aa01429991aa756b651364d54b7b28c2bfeb6c3c,7.289783116668255
aa1696aba3e93761b292c97c68bb0e06bb2f537d,8.206019487424141
aa1696aba3e93761b292c97c68bb0e06bb2f537d,8.174346561785866
aa2166a08738eb1a62d78686cce70fc5572d0607,8.20586624075731
aa2166a08738eb1a62d78686cce70fc5572d0607,8.20586624075731
aa2288779d4ddfe46b3dcab170577d4f5096ab15,6.503867881251706
aa2288779d4ddfe46b3dcab170577d4f5096ab15,6.503867881251706
aa2ad4e1f1035826e6351e1e801eb57c0b494267,8.07011223319065
aa2ad4e1f1035826e6351e1e801eb57c0b494267,8.230538998558064
aa8508f6aa7e91da7efc770fc0e04c471463ffeb,7.346633214260193
aa8508f6aa7e91da7efc770fc0e04c471463ffeb,7.494234794060926
aa8e2b08e043c6d844c28cb004a224615af29e90,7.72237387428298
aa8e2b08e043c6d844c28cb004a224615af29e90,7.661466428591232
aa953585f60c1f5711c6d5159abbcaafcc89eb77,7.537731323118384
aa953585f60c1f5711c6d5159abbcaafcc89eb77,7.797982213078196
aafa3b985fc5f4f1f6dbe50b8edc01713225dd2d,7.747856910463727
aafa3b985fc5f4f1f6dbe50b8edc01713225dd2d,7.977734668520051
ab2a1e43f425b67817553405c41c09a9bcb0e9c4,8.040311662179988
ab2a1e43f425b67817553405c41c09a9bcb0e9c4,8.040311662179988
ab4899d3252b533827ab7d15261b9edb38cf0a7a,7.717091733859467
ab4899d3252b533827ab7d15261b9edb38cf0a7a,7.717091733859467
ab4e0b5338de7292c155831c4bd68a740ae6d05f,7.838659707990413
ab4e0b5338de7292c155831c4bd68a740ae6d05f,7.838659707990413
ab7c842d24cac25a1a3852cce506ca92cb8ed428,6.661315495432836
ab7c842d24cac25a1a3852cce506ca92cb8ed428,6.661315495432836
aba3f0810ff4abb82c285780965735f59dffc070,8.182419693070992
aba3f0810ff4abb82c285780965735f59dffc070,7.981925940043347
abae080e558fbbcf25131d47ef3dbea697548f14,7.998975777572194
abae080e558fbbcf25131d47ef3dbea697548f14,7.998975777572194
abf736b0441172883ba772951733e73d557598ab,7.4942826325637615
abf736b0441172883ba772951733e73d557598ab,7.4942826325637615
ac018ab3a6242492006b3ca1e0c508abd1761538,8.305033314297031
ac018ab3a6242492006b3ca1e0c508abd1761538,8.305033314297031
ac164aef8492a4d178d0704b602f0522512dd913,7.8386890124901365
ac164aef8492a4d178d0704b602f0522512dd913,8.122215158576811
ac6104bfab84b79b7ff1f01c576e2b7442988f38,7.368507459626001
ac6104bfab84b79b7ff1f01c576e2b7442988f38,7.753115308202746
ac6522ed2e2b8a808bb80970ccffcb6572183349,8.126702881413205
ac6522ed2e2b8a808bb80970ccffcb6572183349,8.49661980550449
ac7569c6eb788ec3ca408850d164b68f73bb148b,7.911469705106234
ac7569c6eb788ec3ca408850d164b68f73bb148b,7.911469705106234
accf49bc7124b7fdffea9e75a869a597c4e8adce,6.833623591580464
accf49bc7124b7fdffea9e75a869a597c4e8adce,6.833623591580464
ad03c4fb44da8b106e362ef8c65fe2bf34a385d1,7.661306595242283
ad03c4fb44da8b106e362ef8c65fe2bf34a385d1,7.654325528499466
ad3d8c094d5606a8005bb22a4cf910e497a03224,6.960131384112658
ad3d8c094d5606a8005bb22a4cf910e497a03224,6.960131384112658
ad57f4feb3cdcdfbb77d4ccd074d9ca50227661d,8.090311707773267
ad57f4feb3cdcdfbb77d4ccd074d9ca50227661d,7.916259472636469
ad77e6368d86e38cbf14a33770ca16b204522863,8.248706511504562
ad77e6368d86e38cbf14a33770ca16b204522863,8.246125675699044
adc3882c435a390c34d34279b5528215928944df,8.34886809942914
adc3882c435a390c34d34279b5528215928944df,8.34886809942914
adcfbf9c58d92335f9b971f6a9afd19d9feab214,7.923583142007065
adcfbf9c58d92335f9b971f6a9afd19d9feab214,7.923583142007065
add17ba1901ea9804a604aeed6ebe191d784785d,7.130746488993263
add17ba1901ea9804a604aeed6ebe191d784785d,7.089237214013762
add21f371c1ade0e82ccdacf7ce016dc151a6968,7.997736223717865
add21f371c1ade0e82ccdacf7ce016dc151a6968,7.745937145796144
add7a23a1b66010154da076a059216a13b90191a,8.495570899928497
add7a23a1b66010154da076a059216a13b90191a,8.265877089315117
addfbcc77f77c6c80cc3e55261cec181722e68cb,7.622082031186224
addfbcc77f77c6c80cc3e55261cec181722e68cb,8.177478433250334
adf4cd4036fe7649e15bbc8379f224685017b379,6.546816494188219
adf4cd4036fe7649e15bbc8379f224685017b379,6.546816494188219
ae75c8309bea2f4a1b1624ce50d0994d5b4dc451,9.048254856973708
ae75c8309bea2f4a1b1624ce50d0994d5b4dc451,9.048254856973708
ae7e6756887c7c2d0e3d26bb83045d298dcb5ddd,7.814921898760733
ae7e6756887c7c2d0e3d26bb83045d298dcb5ddd,7.814921898760733
ae84ba8c1585fe80b8d2cc991a9cc4af2921a2a2,8.501889623371039
ae84ba8c1585fe80b8d2cc991a9cc4af2921a2a2,8.501889623371039
aeae992591ef4a9423528eb6029301cbd29daff5,7.682946326662712
aeae992591ef4a9423528eb6029301cbd29daff5,7.682946326662712
aef76b2d6bbd67cf3aac958965862b263c50d4e6,8.416530254323268
aef76b2d6bbd67cf3aac958965862b263c50d4e6,8.416530254323268
af124b723c6d0d777c60479978e8da661b34bc2a,8.408184774624587
af124b723c6d0d777c60479978e8da661b34bc2a,8.531858465589067
af12f06588c971f6425a28d61e4511bafff05bb7,7.98839645477709
af12f06588c971f6425a28d61e4511bafff05bb7,7.98839645477709
af618fc07f8f8c9e1697d7e8ce5cea9dd4ddee00,8.413191472090649
af618fc07f8f8c9e1697d7e8ce5cea9dd4ddee00,7.829254165760493
af744dfd0234f2b89d667f962f13cff1b5d0c9e0,7.786926293293548
af744dfd0234f2b89d667f962f13cff1b5d0c9e0,7.786926293293548
af8cb88c604c245257dfd33607bcb87cd357d3c9,7.881205708790118
af8cb88c604c245257dfd33607bcb87cd357d3c9,7.881205708790118
af99c21153a5cd9289febb0cc7d1f8cbee810621,6.645654977093997
af99c21153a5cd9289febb0cc7d1f8cbee810621,6.645654977093997
afc376cc4bc5460a941a5d21f91d19f159cdf490,7.558751896951907
afc376cc4bc5460a941a5d21f91d19f159cdf490,7.509776453797816
b002ea316ac314e47c6aceffd6583bd300962387,8.191436539932692
b002ea316ac314e47c6aceffd6583bd300962387,8.265877089315117
b03084cbf44b7fc100db518a5ff7ef7e9924c260,8.231112762553618
b03084cbf44b7fc100db518a5ff7ef7e9924c260,7.977917868918952
b041f9ef5ab6da232256530cf8e22c31ac99971d,8.623880970034106
b041f9ef5ab6da232256530cf8e22c31ac99971d,8.623880970034106
b0718e2faa64ff947c0ba9e9516616b44c8f4a5d,7.581882487919372
b0718e2faa64ff947c0ba9e9516616b44c8f4a5d,7.581882487919372
b0f303b4bc78b12a467c465db3b050425eadbf64,7.937406056383988
b0f303b4bc78b12a467c465db3b050425eadbf64,7.937406056383988
b1179b71e93f6ccfe9702cc342e53c5c04d2cf60,7.999200127830336
b1179b71e93f6ccfe9702cc342e53c5c04d2cf60,7.999200127830336
b11bdeda44addd99b9b0cdc016fcd27262b51fdb,7.463472419344918
b11bdeda44addd99b9b0cdc016fcd27262b51fdb,7.463472419344918
b11c7371190aaf26293afea3ba2146f21205f73f,7.947558193565361
b11c7371190aaf26293afea3ba2146f21205f73f,8.115731355215036
b152244728671db447c59ab0796fac9a423e1356,7.90987619506914
b152244728671db447c59ab0796fac9a423e1356,7.638642786852737
b1e8855867b91eadecefd05a09f101799008b8c7,7.253858252415347
b1e8855867b91eadecefd05a09f101799008b8c7,7.330871151222488
b25340984452108c2928e20f412866a7dbf4646c,7.917405298925977
b25340984452108c2928e20f412866a7dbf4646c,7.917405298925977
b27862a2f9590331f29ffdc8f3648dec2a7a7d30,7.1817568344783265
b27862a2f9590331f29ffdc8f3648dec2a7a7d30,7.1817568344783265
b2a46e3625d075ff330baf8e18019e1af424bc62,6.58017777795675
b2a46e3625d075ff330baf8e18019e1af424bc62,7.328846975354952
b2b334fbcfc12bdf6bba8dc45aa8ade3ddb746aa,7.6351377282981785
b2b334fbcfc12bdf6bba8dc45aa8ade3ddb746aa,7.6351377282981785
b2c520e7e4ea03898e0b8204fea068149d5535c8,8.06063249035521
b2c520e7e4ea03898e0b8204fea068149d5535c8,8.06063249035521
b392a38d92631885c3b63500548976ac63518da7,7.551456133706776
b392a38d92631885c3b63500548976ac63518da7,7.551456133706776
b3946c98c388b721854634038fbd1820a7ff046d,7.780667232797925
b3946c98c388b721854634038fbd1820a7ff046d,7.780667232797925
b3f68ef83acd623f98f4a03fc633905fb2a5b027,7.635007831662395
b3f68ef83acd623f98f4a03fc633905fb2a5b027,7.4870947193178035
b459886eb6e03f683c364b338a5c2f4776391dbc,8.13414323165818
b459886eb6e03f683c364b338a5c2f4776391dbc,8.489390430401224
b45e8d507778dab56f381a681c453cbf4d3b4050,7.318988343250346
b45e8d507778dab56f381a681c453cbf4d3b4050,7.318988343250346
b4742d304d9cd4891aac3cedf5905676e9fcc9d5,7.83202538176293
b4742d304d9cd4891aac3cedf5905676e9fcc9d5,7.83202538176293
b51687ca4edcbe2376bc3204617227bceb0a52c0,7.971203899643706
b51687ca4edcbe2376bc3204617227bceb0a52c0,7.971203899643706
b51b95c923fbe5e4f47342faa554cacb44477016,8.481378517222666
b51b95c923fbe5e4f47342faa554cacb44477016,7.908795863631398
b52028ddeb0e0289019154f32e763393f83a30a9,8.012402365254028
b52028ddeb0e0289019154f32e763393f83a30a9,8.012402365254028
b56069b7f468c9cb3ff1ed8830af52d4e2fe60c0,7.424405296727021
b56069b7f468c9cb3ff1ed8830af52d4e2fe60c0,7.424405296727021
b6535907c852434b9243df7a0e65f04d688d049f,8.637409259873253
b6535907c852434b9243df7a0e65f04d688d049f,8.58477569789752
b68533a39390311fdd9ca8baced33145784eb561,7.47902473055187
b68533a39390311fdd9ca8baced33145784eb561,7.610965098492607
b6cb94c201726bd4e4dcadc007dba2c69933e0c1,8.294675713192454
b6cb94c201726bd4e4dcadc007dba2c69933e0c1,7.446222243496424
b6de7562a3dfc6522d1d9f86967f5159e3f2f090,8.239952597396153
b6de7562a3dfc6522d1d9f86967f5159e3f2f090,7.694629500550686
b6e252e4989b3b422d69eae06831ad0bfd396126,7.89846429479079
b6e252e4989b3b422d69eae06831ad0bfd396126,7.89846429479079
b7047722486e995e27292b5ab1945d72ab5a3708,7.565895296966297
b7047722486e995e27292b5ab1945d72ab5a3708,7.565895296966297
b722e6209f2858faf0bf80947cadcbde586bb666,7.857769906199846
b722e6209f2858faf0bf80947cadcbde586bb666,7.857769906199846
b7289b3b24fd67017ed82f62a889b4c9a0fb5ba4,7.479654050856081
b7289b3b24fd67017ed82f62a889b4c9a0fb5ba4,7.479654050856081
b7297bd49e99532695b6290f29fac82928f9e03d,8.490258272136014
b7297bd49e99532695b6290f29fac82928f9e03d,8.076484299788454
b7298b0fe50443a623af9b56792b330c2d052845,7.892440643803247
b7298b0fe50443a623af9b56792b330c2d052845,7.206651366752701
b729f209cdcbb802e5f6f16fd902793131660968,7.785258996801021
b729f209cdcbb802e5f6f16fd902793131660968,7.785258996801021
b72f0fecebc0120609eb4643631055b2e7a31fd7,7.570427303710186
b72f0fecebc0120609eb4643631055b2e7a31fd7,7.667316301265885
b75c5320a2ce606e7c46d1f82723e1e461f37a68,7.428034223949063
b75c5320a2ce606e7c46d1f82723e1e461f37a68,7.428034223949063
b7931b60e23916058a5767895b9214dac7a6515e,8.312199150787055
b7931b60e23916058a5767895b9214dac7a6515e,8.163898005537975
b7ea6b3de19afe8e98d52228dfcc3f3027f18891,7.998019905286167
b7ea6b3de19afe8e98d52228dfcc3f3027f18891,7.998019905286167
b80a4c674f6640d304722f4a92eb9b47345f1258,7.505335150764448
b80a4c674f6640d304722f4a92eb9b47345f1258,7.505335150764448
b8b78832d415b2137aaa400ec638ca3828510a71,8.018837476183823
b8b78832d415b2137aaa400ec638ca3828510a71,7.964555655729704
b8e898c506ad360ead5d4fafe6651fadfed6645a,7.575371899170663
b8e898c506ad360ead5d4fafe6651fadfed6645a,7.575371899170663
b9cfcb9ade5f88679b72a7977c50eaca7170206b,8.389939507152542
b9cfcb9ade5f88679b72a7977c50eaca7170206b,7.1566595500721695
b9db6bc5ded963759b9a1db58adbaad3314169d6,7.743712270847166
b9db6bc5ded963759b9a1db58adbaad3314169d6,7.75806881175155
ba0b274a12a5891f98da7f012d4c757aeb822917,8.220757491315789
ba0b274a12a5891f98da7f012d4c757aeb822917,8.376838068022657
ba12c0a2cb367af0467e479c03507c71a805d291,7.9054351661271225
ba12c0a2cb367af0467e479c03507c71a805d291,7.804437598629834
ba37558e4c84bdb5486d1b3622b0ac7ed3d5222d,8.025760405084648
ba37558e4c84bdb5486d1b3622b0ac7ed3d5222d,8.025760405084648
baa9b5294556d31b066df7e0dd8b1b0b1a8bb9f2,8.550125728585899
baa9b5294556d31b066df7e0dd8b1b0b1a8bb9f2,8.517597029614068
baae1f7bd8567b6f9e220cc863c92124fa71e1fe,8.234448901127807
baae1f7bd8567b6f9e220cc863c92124fa71e1fe,8.234448901127807
baccf806cbacabe5f3a91ecd093cf36b4db436a6,7.659953941526412
baccf806cbacabe5f3a91ecd093cf36b4db436a6,7.659953941526412
badea8134ecf83e912ac6628ec12465e227c1e6a,8.01976074011345
badea8134ecf83e912ac6628ec12465e227c1e6a,8.01976074011345
badf8b0a0c342afb7e1eecc4fb19feb7ed28e180,7.60288781300236
badf8b0a0c342afb7e1eecc4fb19feb7ed28e180,7.60288781300236
baf05c058d7a427783ab9bde33f38d55ae8ac0cb,7.761844771395635
baf05c058d7a427783ab9bde33f38d55ae8ac0cb,8.06922456632951
bb603e54f5809d802fec4c70df7b2c29a5125a89,7.792404305565665
bb603e54f5809d802fec4c70df7b2c29a5125a89,7.805451975372639
bb6bcc05d3ef04c14c73ce93dad8c9ea60f5297b,8.75263162393176
bb6bcc05d3ef04c14c73ce93dad8c9ea60f5297b,8.75263162393176
bb81a7f88631b987cd15c8d539e806ad17a5b664,7.624678403277485
bb81a7f88631b987cd15c8d539e806ad17a5b664,7.624678403277485
bba75421c48ff666a96646bd283072492fc712ea,7.607829615793359
bba75421c48ff666a96646bd283072492fc712ea,7.607829615793359
bbaeaab91cec9991b4747c8ca3fba0981bf68ad5,6.884784887208442
bbaeaab91cec9991b4747c8ca3fba0981bf68ad5,6.884784887208442
bbb7c8095658b847103c47aa2a4b55440b0e9ffe,8.36564436109174
bbb7c8095658b847103c47aa2a4b55440b0e9ffe,8.42342239172556
bbf7f2c725fe4c3e0eb56d29707437d1603b1c56,8.179047202620199
bbf7f2c725fe4c3e0eb56d29707437d1603b1c56,8.179047202620199
bc1f0dc5b937d54fa64e44c1e4e0de0e5a4724c1,6.903878316631008
bc1f0dc5b937d54fa64e44c1e4e0de0e5a4724c1,7.42258658972138
bc54069a859b02cf1b00e7ab77d68132f9021c8e,7.963090352145412
bc54069a859b02cf1b00e7ab77d68132f9021c8e,7.93610582395083
bc8caaa2729aa0c9179e8d66388586a4a8586f20,7.242782766494115
bc8caaa2729aa0c9179e8d66388586a4a8586f20,7.779134019102352
bca16481f37f3534abb04344ef1855b0e56140e3,7.734344156210175
bca16481f37f3534abb04344ef1855b0e56140e3,7.734344156210175
bd18fefd95851483c8aab15987fec421f92523fb,7.604888548709169
bd18fefd95851483c8aab15987fec421f92523fb,7.582145621754789
bd53f29596985f567c39329a8f8da5100810f0fd,6.564141877779003
bd53f29596985f567c39329a8f8da5100810f0fd,6.956380654821053
bd81b591d06c4a726078a831c11516d6ee27541d,7.787453176371259
bd81b591d06c4a726078a831c11516d6ee27541d,7.787453176371259
bd9bd34617afb5bf1f3ff27e575c4df427ac32dc,7.436484483561668
bd9bd34617afb5bf1f3ff27e575c4df427ac32dc,8.10300204315276
bda97a680a69285ab84aefb75abb53676e7f6b55,6.95150799557137
bda97a680a69285ab84aefb75abb53676e7f6b55,6.95150799557137
bdc3fba009b4d570355de5bfedfb6766746789ce,8.141230108854757
bdc3fba009b4d570355de5bfedfb6766746789ce,8.141230108854757
bdcfd5ee015db872058dc442ab9d3c72518366ff,7.440378223139825
bdcfd5ee015db872058dc442ab9d3c72518366ff,7.405411635488347
bdefe60060197430834e27ee0ecc1d775f5e2b89,8.626902547149946
bdefe60060197430834e27ee0ecc1d775f5e2b89,8.626902547149946
be40efffa2a2ea77d3d2fb0cf1f8dd6a8da2b287,7.6577004955968455
be40efffa2a2ea77d3d2fb0cf1f8dd6a8da2b287,7.8765638229826935
be6f4f4f657c80883591c6749a7951f9c992e4b9,8.165139565863019
be6f4f4f657c80883591c6749a7951f9c992e4b9,8.165139565863019
be7b5a55c3a0343bda6a2a6ad09c5cfe8714b27f,8.31789458653577
be7b5a55c3a0343bda6a2a6ad09c5cfe8714b27f,7.589955614383328
bec0491f541a76e4fa31e17842bc573c812cb528,7.352168736005295
bec0491f541a76e4fa31e17842bc573c812cb528,7.352168736005295
bf22fb15bf51bc4bcf3d50f7494caad62a596d0e,7.8627008066728905
bf22fb15bf51bc4bcf3d50f7494caad62a596d0e,7.661534619206052
bf9e4a55173e6e65b88bbf4f18744ea043b07ed6,7.780632467308512
bf9e4a55173e6e65b88bbf4f18744ea043b07ed6,7.780632467308512
bfb055d2c2ba396d5e6bd6022719b3ade1cd1407,7.734090743119325
bfb055d2c2ba396d5e6bd6022719b3ade1cd1407,7.668841206897485
bfe7f84ef78bc0134134fcb799465996fa84e4b0,8.317533314729438
bfe7f84ef78bc0134134fcb799465996fa84e4b0,8.317533314729438
c001ef5d0a98bae288e504e13db2f1d4533021f5,7.920645894317303
c001ef5d0a98bae288e504e13db2f1d4533021f5,7.920645894317303
c047e3345530b4b4634715536ac54cec9c756b66,8.541038309074285
c047e3345530b4b4634715536ac54cec9c756b66,8.764397064422518
c072621681c71501470509aeb1c51e3f9f98df5e,8.330335824921606
c072621681c71501470509aeb1c51e3f9f98df5e,8.330335824921606
c084f1399d2813131b70acb3920068a454cea6d5,7.512261023672682
c084f1399d2813131b70acb3920068a454cea6d5,7.437595716985221
c096fc1d9c0ad8efae9cfd509f75522c50603692,7.885868362883527
c096fc1d9c0ad8efae9cfd509f75522c50603692,7.986893850401027
c0986547994c0c40ee739f045a02e1ce427ec132,7.142870357668277
c0986547994c0c40ee739f045a02e1ce427ec132,7.464467244701
c0b8f55536e05f6da91c3b65ddfb69dc8daa12e9,7.84892042942643
c0b8f55536e05f6da91c3b65ddfb69dc8daa12e9,8.284938125947344
c0c13857d74703fa66da743d1d670bc2b9957f7b,8.599371207950735
c0c13857d74703fa66da743d1d670bc2b9957f7b,8.599371207950735
c0d3079f5b83f8962c439707b96c7ee43be2ca18,7.3483167469565736
c0d3079f5b83f8962c439707b96c7ee43be2ca18,7.181715227081239
c1287b2f156f6963bdda82942a95288967e9422b,6.393265775303235
c1287b2f156f6963bdda82942a95288967e9422b,6.457560068748082
c13d9b5245d8fc600da9390192908048857599ea,7.9414597692312805
c13d9b5245d8fc600da9390192908048857599ea,8.247779386845714
c15e04639eb35379bc74fd289f38b1c9d21e2278,7.522873051417925
c15e04639eb35379bc74fd289f38b1c9d21e2278,7.8536812609248665
c162ce77f4002856b569f63b1e2b58ccd6d961e2,8.542102449909043
c162ce77f4002856b569f63b1e2b58ccd6d961e2,8.179394769685283
c195c2ea359350b81a96211ccb40d03fb0501e7d,7.974754256843676
c195c2ea359350b81a96211ccb40d03fb0501e7d,7.974754256843676
c20545cf079fcd100052faf6db21ee865023525f,8.213275967950352
c20545cf079fcd100052faf6db21ee865023525f,7.683922141737162
c21b13edbab3d247c8816a374ebb57ef71700952,8.141290438278077
c21b13edbab3d247c8816a374ebb57ef71700952,7.635202400300701
c2660985c0dbf52fe68f7d3620fffa6ff8f2794f,7.774746222587139
c2660985c0dbf52fe68f7d3620fffa6ff8f2794f,7.774746222587139
c28a837bbc21a0b6ea686c34b12a7e6badbc9140,7.993286919574041
c28a837bbc21a0b6ea686c34b12a7e6badbc9140,7.993286919574041
c2ac862e74879f4b60191f0bb1397eff1e157c8b,7.920981993726187
c2ac862e74879f4b60191f0bb1397eff1e157c8b,7.920981993726187
c2ca84eba451533cc357b9c82cdc4c59227ee38d,7.456445794855101
c2ca84eba451533cc357b9c82cdc4c59227ee38d,7.456445794855101
c2da78b847fbfac6920b3c5a2086c79b3a2db8f7,8.321784232604216
c2da78b847fbfac6920b3c5a2086c79b3a2db8f7,8.447450792783364
c2dc9b42636e453c1ad8e7a5e490654d39dc303b,7.4441221589082
c2dc9b42636e453c1ad8e7a5e490654d39dc303b,7.4441221589082
c308727c618e21c478dba676bcea9d040d179f99,8.323586416566789
c308727c618e21c478dba676bcea9d040d179f99,8.69461163370061
c3127c3c92a3d510a78a5248b4e7fac50ab81e0b,8.605079892701692
c3127c3c92a3d510a78a5248b4e7fac50ab81e0b,8.605079892701692
c32840e4bedac9715b49ce3f04b3dedb98007cfe,7.988822484294134
c32840e4bedac9715b49ce3f04b3dedb98007cfe,7.988822484294134
c352dbabae85680f4ce4ebf67886666ce47edade,7.506908231830813
c352dbabae85680f4ce4ebf67886666ce47edade,7.506908231830813
c3635fc4a7b4545fc6df8dcad81f86d1e08c66cc,7.9008909625752795
c3635fc4a7b4545fc6df8dcad81f86d1e08c66cc,7.9008909625752795
c399382ea2553528d9b44a9aa6492cee7cf0b5c0,7.748160918523818
c399382ea2553528d9b44a9aa6492cee7cf0b5c0,7.614576008236019
c3bf932c28538beb5024e80bd06e09c44661c8f7,6.721743600757356
c3bf932c28538beb5024e80bd06e09c44661c8f7,6.721743600757356
c3e73d0362e2b21fae6edfcf518063e8a28b7b63,8.203566362073685
c3e73d0362e2b21fae6edfcf518063e8a28b7b63,8.434891171479705
c3fdd44aeb469416e4895afe4040e54eebc23db5,7.266964564712615
c3fdd44aeb469416e4895afe4040e54eebc23db5,6.985068326955357
c41c79391cd0c8816cebc9a0b4ef1fcc5c2e4018,7.952750890533023
c41c79391cd0c8816cebc9a0b4ef1fcc5c2e4018,7.566218282515614
c4504ac02ad7e7e0c9ea3a1d78601374e483fc30,7.606423898566839
c4504ac02ad7e7e0c9ea3a1d78601374e483fc30,7.606423898566839
c45bf22121eaa2f37dfec2f58729d22394ea220a,8.153601974855995
c45bf22121eaa2f37dfec2f58729d22394ea220a,8.098165994608896
c484db51bb8e5e6218578a71ca541b135c2aa1ff,8.550377816488675
c484db51bb8e5e6218578a71ca541b135c2aa1ff,8.156586355451564
c4dc23da121e0654017198804449e35b2e9c2027,7.3515601026169355
c4dc23da121e0654017198804449e35b2e9c2027,7.3515601026169355
c4f595ca17b4c13287b0beec0dbd45d0e356055b,7.988822484294134
c4f595ca17b4c13287b0beec0dbd45d0e356055b,8.265877089315117
c52befc118a44669cbf7912b419dfc433c1c0eee,7.874698692060812
c52befc118a44669cbf7912b419dfc433c1c0eee,7.874698692060812
c52fc84d8cd2335788c472ff6fa6b3aaaa8f2252,8.485904350611785
c52fc84d8cd2335788c472ff6fa6b3aaaa8f2252,8.265877089315117
c5b963fdd21435b56c4cf55f49d652d92fc83093,8.045163212753595
c5b963fdd21435b56c4cf55f49d652d92fc83093,7.7171902572936
c5d903eea354607809419b5e23c869ea16626a59,7.723715451424217
c5d903eea354607809419b5e23c869ea16626a59,7.8187161937624525
c60be70309789b39355dc612f36e37090ccad5dc,7.944542904550185
c60be70309789b39355dc612f36e37090ccad5dc,7.944542904550185
c667e08eaa5cf47dba38ac81da9c185659db42c2,8.516066426502949
c667e08eaa5cf47dba38ac81da9c185659db42c2,8.265877089315117
c670d2529bab25c82fc7c3757cb11e7f2e404de8,7.720043891880799
c670d2529bab25c82fc7c3757cb11e7f2e404de8,7.720043891880799
c67df30ae6cf151f19df3e36d15f0361619ed47a,7.369419932111158
c67df30ae6cf151f19df3e36d15f0361619ed47a,7.400121749767184
c69dcaf9e10f52b187b13e678f9fe65505167720,8.372726126514983
c69dcaf9e10f52b187b13e678f9fe65505167720,8.076774126217101
c6b1b85455fc8ae7de258ff95875644d77f55254,7.695828662647146
c6b1b85455fc8ae7de258ff95875644d77f55254,7.418815828618041
c6e9fd605b75a5090b1879635a6db8da08b8a600,7.657975415442216
c6e9fd605b75a5090b1879635a6db8da08b8a600,7.845446357391951
c746678029d2139e7658a0f94e98bbf09f258673,7.727598720173366
c746678029d2139e7658a0f94e98bbf09f258673,7.7949303880920064
c757c72ff79910b22c548daf9067d6a682bdbb4b,8.140660671100074
c757c72ff79910b22c548daf9067d6a682bdbb4b,8.140660671100074
c787e77b224890e7fdcc8e2ca0c0577657d98581,7.712089883758552
c787e77b224890e7fdcc8e2ca0c0577657d98581,7.425037063921121
c8332f72a4f6049ef2f28e4a0fcbde9d142c8591,6.71893646060966
c8332f72a4f6049ef2f28e4a0fcbde9d142c8591,6.8620049326254
c846650d2b1b4a07f67e13c5aa56c15185f81f15,8.315020338743444
c846650d2b1b4a07f67e13c5aa56c15185f81f15,8.315020338743444
c87d4a1dca2349d1fbdff1c6d6a57708c1df793e,8.224179098083289
c87d4a1dca2349d1fbdff1c6d6a57708c1df793e,8.224179098083289
c8944ded19113906cf130904726028c5c1a11138,7.481403347827972
c8944ded19113906cf130904726028c5c1a11138,7.525879704332215
c8a8565f00553a00a5d510958dc8c40a4a477783,8.126785692884283
c8a8565f00553a00a5d510958dc8c40a4a477783,8.064058695451681
c8bd30152ccbeebb18f9b1fedac0869f845980df,8.654259590914217
c8bd30152ccbeebb18f9b1fedac0869f845980df,8.654259590914217
c8d7193cba58a3bf26ba18f4ba5728c56ddcd4a3,7.9717862809265725
c8d7193cba58a3bf26ba18f4ba5728c56ddcd4a3,8.507800333838546
c8ea10d959a7c782b45e6e83040472d432fa448f,7.843419705699448
c8ea10d959a7c782b45e6e83040472d432fa448f,7.843419705699448
c9c6d1fdb1bc64d7137f0fb7050e334cbb7c0f6e,8.848322660854574
c9c6d1fdb1bc64d7137f0fb7050e334cbb7c0f6e,8.848322660854574
c9c9df2ea1ddcc10cc57d4e1d92b2f8b33d94538,8.583300947678286
c9c9df2ea1ddcc10cc57d4e1d92b2f8b33d94538,8.583300947678286
c9d7b86399869ced995a6e467a257c3915339562,7.954912529884142
c9d7b86399869ced995a6e467a257c3915339562,8.208569035521469
ca01f93cb3384006f7af5de96bc25f924ad8bd14,8.01262467160015
ca01f93cb3384006f7af5de96bc25f924ad8bd14,8.506969688022835
ca3bb5c80bd96ba545e0a42232c6fcdb55f7106a,7.272525679953079
ca3bb5c80bd96ba545e0a42232c6fcdb55f7106a,8.16690716109164
ca6829e71c271976a4eeae12cbba5e49f232da3e,8.435611678356025
ca6829e71c271976a4eeae12cbba5e49f232da3e,8.435611678356025
ca84b66fa8d2c26e91bcd21dea081bb062e51711,6.972602985865338
ca84b66fa8d2c26e91bcd21dea081bb062e51711,8.265877089315117
cac291a9658d7ef15e1ef0c71b188d96eec19ad0,7.947085139638323
cac291a9658d7ef15e1ef0c71b188d96eec19ad0,7.947085139638323
cb0f9c7be617b2bd18ae83ee9e85b621cabda67c,8.339568948466882
cb0f9c7be617b2bd18ae83ee9e85b621cabda67c,8.339568948466882
cb16d181d96fc8c94f8416437c059b5f0aabded1,7.431252602540055
cb16d181d96fc8c94f8416437c059b5f0aabded1,7.431252602540055
cb713a14e9dcf23999265a8826e204beb646626b,7.242218920008859
cb713a14e9dcf23999265a8826e204beb646626b,7.192946111907993
cb72cf616f3cafed458ef94be529c172bbcc5277,7.829431250078709
cb72cf616f3cafed458ef94be529c172bbcc5277,7.829431250078709
cb7cbbf59876001661704aca5fa8d70467f514a6,8.127882986978165
cb7cbbf59876001661704aca5fa8d70467f514a6,8.210471855703211
cbb7db3eb5270179fe8ebb9e73dde2c894c9a971,8.362753062026867
cbb7db3eb5270179fe8ebb9e73dde2c894c9a971,8.02785444000062
cc1f8f78f5ef5237c717194b38699b168c265513,7.349240185118482
cc1f8f78f5ef5237c717194b38699b168c265513,7.349240185118482
cc431fffd568a0d46d302233b4d71bd216fa94f3,8.265287323483053
cc431fffd568a0d46d302233b4d71bd216fa94f3,8.265287323483053
cc818564efabc759f8cfd2e978029ff6125406cf,7.595731726977682
cc818564efabc759f8cfd2e978029ff6125406cf,7.595731726977682
cc8edf9c827fef5ead4c85eabf96ca7033ddf165,8.346394401436848
cc8edf9c827fef5ead4c85eabf96ca7033ddf165,8.346394401436848
ccc7600e812ec5b6e75a9b4e2b04f00a48d1a9dd,8.701192433053516
ccc7600e812ec5b6e75a9b4e2b04f00a48d1a9dd,8.701192433053516
cd1c8085cc77aaebd3c527b4ecae7e9150ce0d77,8.55426803149033
cd1c8085cc77aaebd3c527b4ecae7e9150ce0d77,8.296263881350805
cd2b912e4a3d661cd4f500287d3bf1b4f444b7bd,7.6162009662772245
cd2b912e4a3d661cd4f500287d3bf1b4f444b7bd,7.6162009662772245
cd2cc30c2a3c6b967fc897beaeae9d3482163a21,8.751938211087154
cd2cc30c2a3c6b967fc897beaeae9d3482163a21,8.751938211087154
cd32daa7c1ff3ed117a127c9c185c1b53a396138,7.826261303495091
cd32daa7c1ff3ed117a127c9c185c1b53a396138,7.826261303495091
cd6862158d54e5c270e8d4bed99f73f32a721e14,7.708151618389818
cd6862158d54e5c270e8d4bed99f73f32a721e14,7.708151618389818
cdea6ad7a63edbcba925717a8c64328c255a0450,8.244372781890986
cdea6ad7a63edbcba925717a8c64328c255a0450,7.938360725445298
cdfb7ea46096b2a49dd710ef5dfe7bb354cda15a,8.246365809689912
cdfb7ea46096b2a49dd710ef5dfe7bb354cda15a,8.467482685494529
ce201bf315598feafcad345a663284bc266862c0,7.931299087647651
ce201bf315598feafcad345a663284bc266862c0,7.931299087647651
ce2f2072bf32af4582a24726936af34f88225213,8.410763371467137
ce2f2072bf32af4582a24726936af34f88225213,8.410763371467137
ce3ad9b28ad26a494e6a196c110ca405402f3e9b,8.014839030987229
ce3ad9b28ad26a494e6a196c110ca405402f3e9b,7.763258742059995
ce56b4a23981e6c9f70e87f087bc1be07fdf25cd,7.886346809926669
ce56b4a23981e6c9f70e87f087bc1be07fdf25cd,7.886346809926669
ce5a9a38579b80879f4de53eaab2d0083b685d62,8.64543838670209
ce5a9a38579b80879f4de53eaab2d0083b685d62,8.265877089315117
ce892387ba13c6b526d18de003b62c1bfe4c125f,8.543702467274262
ce892387ba13c6b526d18de003b62c1bfe4c125f,8.543702467274262
cee203ff00aaca3eaaef780ea6c4a68a3f8fd2fa,8.336709355998133
cee203ff00aaca3eaaef780ea6c4a68a3f8fd2fa,8.336709355998133
cee41e969faac5fdd054a726b10fb09228eb7061,8.494820218171165
cee41e969faac5fdd054a726b10fb09228eb7061,8.494820218171165
cf4bc843e5bd6ba302b1289af66f383b0329d6bf,7.175097211580872
cf4bc843e5bd6ba302b1289af66f383b0329d6bf,7.175097211580872
cf5422ab2f6793f4d5930d2901e652ed7dadac9d,7.421597043159471
cf5422ab2f6793f4d5930d2901e652ed7dadac9d,7.421597043159471
cf6788dceae33f7826997b7fa99b5189cff1aa4d,7.639725636617144
cf6788dceae33f7826997b7fa99b5189cff1aa4d,7.998272063704986
cf84076c807f395016eaee41297162276781b963,8.908762336491867
cf84076c807f395016eaee41297162276781b963,8.908762336491867
cf8a26a2ce3ac2cfd81a1050e73bdc7a4cd225e0,6.7809012386799825
cf8a26a2ce3ac2cfd81a1050e73bdc7a4cd225e0,6.7809012386799825
cfe62afe7795494a49cfaa46bdf17c38a3c0d284,7.751470872254585
cfe62afe7795494a49cfaa46bdf17c38a3c0d284,7.751470872254585
cfe97f961ec4d2fc578ef0aaf87f52c54a9aa181,7.264926898845497
cfe97f961ec4d2fc578ef0aaf87f52c54a9aa181,7.264926898845497
cff1765d7a97d3f012a354586ccfd49fdaf6aa44,7.729139468886754
cff1765d7a97d3f012a354586ccfd49fdaf6aa44,8.13552900334533
d023d3790457d12ac59581326aff1a396b206d09,7.899736340780603
d023d3790457d12ac59581326aff1a396b206d09,8.218237222369499
d0561a58b05777ad43db1e0627d8770d37c48d5e,7.873439196323927
d0561a58b05777ad43db1e0627d8770d37c48d5e,7.873439196323927
d06025e3b7e91bb8718335f7328466206060faee,7.853871283260636
d06025e3b7e91bb8718335f7328466206060faee,7.637496694486723
d08b1608a634fda68fd097f278ce9fd4ac24046a,7.665759709040325
d08b1608a634fda68fd097f278ce9fd4ac24046a,7.665759709040325
d0d3472fa981f90d8e6d036dea4bb627c73b6592,8.323433821530537
d0d3472fa981f90d8e6d036dea4bb627c73b6592,8.323433821530537
d0f28e44db91cce7caff1db428643300dfb3392f,8.007872923306616
d0f28e44db91cce7caff1db428643300dfb3392f,8.210442419882014
d11774bd10cd517b1cde216ca391e76efaf59b44,8.469830057639584
d11774bd10cd517b1cde216ca391e76efaf59b44,8.367217540093096
d11e42daac68288eea95d8923771a326e667b520,7.992801153748223
d11e42daac68288eea95d8923771a326e667b520,7.6297082652535195
d13ea487552242f9c688d613dab06ea5b8a867a1,7.961613403681794
d13ea487552242f9c688d613dab06ea5b8a867a1,7.961613403681794
d1e238d8cc58ceae3359c94b2a4a976a975fc9ac,7.834439136784457
d1e238d8cc58ceae3359c94b2a4a976a975fc9ac,7.909803072206309
d20b8e96e5c520827768fe614961d0534c6f2680,8.082595201754462
d20b8e96e5c520827768fe614961d0534c6f2680,7.816664910721583
d2491eb9351f861cdcd439fd5d73883a6d681d6a,8.128044486967564
d2491eb9351f861cdcd439fd5d73883a6d681d6a,8.373210032530924
d28c344507f89c41df926794e0d5a96d10349014,9.219695400488877
d28c344507f89c41df926794e0d5a96d10349014,9.219695400488877
d2a2d2ee79d993c9821f176d9a248223ee59b3c7,7.458581303378578
d2a2d2ee79d993c9821f176d9a248223ee59b3c7,7.458581303378578
d2ef78c03149ddfd267005d0dcd248adcc227e02,7.884954500633431
d2ef78c03149ddfd267005d0dcd248adcc227e02,7.78647665258878
d37f552ad5c3e1e1c3fc9aebbea6cf50e1b9f334,7.8236751179820585
d37f552ad5c3e1e1c3fc9aebbea6cf50e1b9f334,8.265877089315117
d3de05492e2353a5f3a80b5ea37a6de4651923fe,8.22833528781486
d3de05492e2353a5f3a80b5ea37a6de4651923fe,8.36190279739537
d4707fc4aa22e29062e02639a1b8c9f7ba3e6b65,7.894432792026931
d4707fc4aa22e29062e02639a1b8c9f7ba3e6b65,7.894432792026931
d4a08e7df54afbd81401faf2e0349e88ed7fc2d9,7.379591968507215
d4a08e7df54afbd81401faf2e0349e88ed7fc2d9,7.379591968507215
d4a5c57c98a9d8e16b1dd93042d22cc422772b0d,7.907234216367669
d4a5c57c98a9d8e16b1dd93042d22cc422772b0d,7.907234216367669
d4ca57e34b4e28a3a0c73339e0c72db036894d3a,7.988576818165332
d4ca57e34b4e28a3a0c73339e0c72db036894d3a,7.988576818165332
d5155526fe2b5c2b956687b34d478647ef6bd092,7.7986386905765
d5155526fe2b5c2b956687b34d478647ef6bd092,7.7986386905765
d5179819718a325ee33fa2096f37995ea6cfea8c,7.66691505888349
d5179819718a325ee33fa2096f37995ea6cfea8c,7.66691505888349
d525d6edf4b0c6362ddaa4814c3930a6a62bdc99,8.015234088009985
d525d6edf4b0c6362ddaa4814c3930a6a62bdc99,8.015234088009985
d57eca033aa6388430166086ed3d0390ffefa85d,8.01237333134338
d57eca033aa6388430166086ed3d0390ffefa85d,8.250173541745012
d5841f944022e9ef49bf6ac9b5546dd82ab2784f,8.835445394995645
d5841f944022e9ef49bf6ac9b5546dd82ab2784f,8.835445394995645
d5cc23d9ca216f0f8c6e5ada7c4e3284a3920958,7.9322542497317805
d5cc23d9ca216f0f8c6e5ada7c4e3284a3920958,7.143093408731606
d5e3e0d1ec5eae8e2fc08b9c3607cc766be6dffe,8.2225036423064
d5e3e0d1ec5eae8e2fc08b9c3607cc766be6dffe,8.2225036423064
d615e34b407b1816d1ae062d56a466c1d17b68ae,7.733923286843339
d615e34b407b1816d1ae062d56a466c1d17b68ae,8.158758522186211
d6515d627895751c832a3075053719da2f5e6cef,8.099559395827363
d6515d627895751c832a3075053719da2f5e6cef,7.47166867603718
d66918b05a4d978f6aa15979c85902d09babc898,8.04316726495746
d66918b05a4d978f6aa15979c85902d09babc898,8.04316726495746
d66c55f4502b462e88d4529dd6b4d167fd42d165,7.311539622099571
d66c55f4502b462e88d4529dd6b4d167fd42d165,7.311539622099571
d68718e7e9140ca136bf5e39efd7c122632ebba2,8.402506578609058
d68718e7e9140ca136bf5e39efd7c122632ebba2,7.720582136836049
d69d2c6bc916b8d054bd50f4270a1c6d8cca1426,8.111987536928355
d69d2c6bc916b8d054bd50f4270a1c6d8cca1426,8.135361647309958
d6f54f87ad964bd1cea20ffceea962f8b6236da3,7.83303360981648
d6f54f87ad964bd1cea20ffceea962f8b6236da3,7.9991888541904945
d73a15bdcce722312152f547cec67e8dd584a6a8,8.228020754659875
d73a15bdcce722312152f547cec67e8dd584a6a8,8.228020754659875
d7a319cabc8e30b748e2beca44fc575fc83197d3,7.344295539129378
d7a319cabc8e30b748e2beca44fc575fc83197d3,7.746249061104272
d7af1840c8914a381ffae4617c33ab76833d9513,7.557293907444513
d7af1840c8914a381ffae4617c33ab76833d9513,7.557293907444513
d84468682013517fdcb3506ee81783dcbdf3bad4,8.32812822017908
d84468682013517fdcb3506ee81783dcbdf3bad4,8.32812822017908
d8550edf3efaf335a9648aec7584ab6acb55cf30,8.070101677442072
d8550edf3efaf335a9648aec7584ab6acb55cf30,7.602538512175089
d8ad4586476ab6240c0ec83f3c12cd4cc7a8f622,8.365268516961097
d8ad4586476ab6240c0ec83f3c12cd4cc7a8f622,8.114643686419228
d8cb6954aff8cc17b05a205c949f36b46493eb8b,7.622580060761261
d8cb6954aff8cc17b05a205c949f36b46493eb8b,7.715267174999546
d8cc02c7b6d2478b9f6d47664272c43801d6d9a9,8.424329824540203
d8cc02c7b6d2478b9f6d47664272c43801d6d9a9,8.424329824540203
d92840812393583b0f053de80ecee59f5b19bc03,8.379275332656476
d92840812393583b0f053de80ecee59f5b19bc03,8.516894732799955
d94808bbe3e5b3ffc39c8d68e0eed70929c70762,7.852671588807474
d94808bbe3e5b3ffc39c8d68e0eed70929c70762,7.852671588807474
d982afe8253215b9a75464a85bb061d5d5f7975a,8.020594313572584
d982afe8253215b9a75464a85bb061d5d5f7975a,8.020594313572584
da37e77368c2bd5a7a9792749fd6ed83e05e2515,8.207674170570556
da37e77368c2bd5a7a9792749fd6ed83e05e2515,8.207674170570556
da7fa747f59ca321b48b414b2f884d027bc961f8,7.232545609316572
da7fa747f59ca321b48b414b2f884d027bc961f8,7.232545609316572
dace1e5b88ac51d7bd53523ad70f8d5d188b9368,7.696774976328836
dace1e5b88ac51d7bd53523ad70f8d5d188b9368,7.300552096327745
dade8cdd2806e1efa138e68d984abd0ab1c87ced,8.045925396253388
dade8cdd2806e1efa138e68d984abd0ab1c87ced,8.045925396253388
dafd07b7aab7dad9894cee44cad55efc89255614,7.805598274965852
dafd07b7aab7dad9894cee44cad55efc89255614,7.779098766282334
db4c010c135d84c00fee816a085360bca2537594,7.804334471728325
db4c010c135d84c00fee816a085360bca2537594,8.198687421415004
db5924e7ed00c9136308999827d50dbcecae5091,7.708465655093289
db5924e7ed00c9136308999827d50dbcecae5091,7.3918619850443745
db7c4fbff4eaf7b21678b8b053a0c3dcd74dd2b1,7.946457603475173
db7c4fbff4eaf7b21678b8b053a0c3dcd74dd2b1,7.792978110317945
dbb0e3f3c32292438fbd39684d9f1ad153bba64a,8.54423284299858
dbb0e3f3c32292438fbd39684d9f1ad153bba64a,8.323132155322437
dbc27d6c8a04413d73a885a7b2c2d8db605504fe,6.843924575996409
dbc27d6c8a04413d73a885a7b2c2d8db605504fe,6.843924575996409
dc5325f05ad384cacb2431acfa1f398913151afb,7.856027249399659
dc5325f05ad384cacb2431acfa1f398913151afb,7.856027249399659
dc87f8c4ae8953d2d0bcaf1a08239547d77cdee8,7.750581914663118
dc87f8c4ae8953d2d0bcaf1a08239547d77cdee8,7.750581914663118
dcf7777f614c11ed45f8ff82f2c44d7dd15889af,7.653900624599478
dcf7777f614c11ed45f8ff82f2c44d7dd15889af,7.3715304462299684
dd98462b95687767f50edcdc4758ff5237c0bcff,8.120625310509345
dd98462b95687767f50edcdc4758ff5237c0bcff,8.282717593066732
ddc549a4ced606b9181bc2e6e0bb75824fc20f70,8.405867494542282
ddc549a4ced606b9181bc2e6e0bb75824fc20f70,8.405867494542282
ddffb03cf0301334f5a2f89626640fa8812bde5c,8.26405563549895
ddffb03cf0301334f5a2f89626640fa8812bde5c,8.26405563549895
de163edff457321dc540b375c7b316c7f9fe73cf,7.584959671023248
de163edff457321dc540b375c7b316c7f9fe73cf,7.700570005037053
dea33f83f3cd94f54f1063a0cd22eab07ec8d3cd,8.147053296299923
dea33f83f3cd94f54f1063a0cd22eab07ec8d3cd,8.147053296299923
defaf0c38d68f9958bd180e1a709f130a999b2e6,7.902955341588575
defaf0c38d68f9958bd180e1a709f130a999b2e6,7.809359253247226
df15664e980175f8ee9ea6687b81c59f3139406f,8.135971688453578
df15664e980175f8ee9ea6687b81c59f3139406f,8.135971688453578
df17da01944f34b2a6b59e8d45407c1297f9834a,7.935536912390872
df17da01944f34b2a6b59e8d45407c1297f9834a,7.972398125076941
df1a661311bcb75b3b3c258c46ab75819bd6d249,8.253527166630757
df1a661311bcb75b3b3c258c46ab75819bd6d249,8.253527166630757
df42fc345b50f42b32dc5f9df420978b1cda663d,8.50990882473804
df42fc345b50f42b32dc5f9df420978b1cda663d,8.50990882473804
df8fb59599b421d91967aa7d053fa72e91e4f6fb,8.537426911193025
df8fb59599b421d91967aa7d053fa72e91e4f6fb,8.445282676571196
df90d9da415c30c25a16e21ca85638577961e81b,8.126141730313844
df90d9da415c30c25a16e21ca85638577961e81b,8.126141730313844
df9e2c6cfb6035fa5b26af3b101bacf64e95e913,7.494427062133122
df9e2c6cfb6035fa5b26af3b101bacf64e95e913,7.525166383974406
dfc34f90e58f60b101c824e10d74b8ad0c46a2cf,8.045977656655824
dfc34f90e58f60b101c824e10d74b8ad0c46a2cf,8.045977656655824
dfdeea1cf0b4fb6c906a25d99aa5756efe14c996,8.376428336692765
dfdeea1cf0b4fb6c906a25d99aa5756efe14c996,8.146714368509038
e036815d3a8d88224e7e8a95c64ca031dd5b205f,7.575325333659853
e036815d3a8d88224e7e8a95c64ca031dd5b205f,7.575325333659853
e04a53abed6db648ac01e162aad84ef8b608365b,7.743727372482167
e04a53abed6db648ac01e162aad84ef8b608365b,7.960544930309101
e07c3edba3602b0d172c2db763539dfa9819027c,8.502189477428471
e07c3edba3602b0d172c2db763539dfa9819027c,8.437055278251243
e0850b1bd8f8de58096da128ec94efbdf5f05ca8,7.948589804488821
e0850b1bd8f8de58096da128ec94efbdf5f05ca8,7.684280149448974
e105dc9d8869af3a83704a5d048424441ce4ad01,6.537788190671016
e105dc9d8869af3a83704a5d048424441ce4ad01,6.537788190671016
e13e39c815ec66160db3c75b7331dc1a0dd1d4ce,7.758343334445783
e13e39c815ec66160db3c75b7331dc1a0dd1d4ce,7.824779107685697
e15002a49ed03188f18c7a791c458c19d1ec973a,8.125993058969579
e15002a49ed03188f18c7a791c458c19d1ec973a,7.95709075992232
e1d3226bcfad8043e69d31f3d76e719c7f041d3e,7.83332724729264
e1d3226bcfad8043e69d31f3d76e719c7f041d3e,7.83332724729264
e20abeea371227f8a6318491ca3c0211afbdc1a1,7.566859117169273
e20abeea371227f8a6318491ca3c0211afbdc1a1,7.645604267195748
e25991f3bf474e9b542b09aef2407a78f3ffc61d,6.98540057520581
e25991f3bf474e9b542b09aef2407a78f3ffc61d,6.98540057520581
e2670654203c6b5aa850edf95ea9e293939963fd,7.829851116453359
e2670654203c6b5aa850edf95ea9e293939963fd,7.924894369226399
e299749491b5a979701f0dedd4467ed53aaf7c7c,7.848349144118861
e299749491b5a979701f0dedd4467ed53aaf7c7c,7.811225709399019
e2d88e3ad6275b7eca2bff120e467f9158b29fc5,8.046967598108974
e2d88e3ad6275b7eca2bff120e467f9158b29fc5,8.046967598108974
e2ed5ffddf1e60198f9f138810f84b7107ca0561,7.315611218420127
e2ed5ffddf1e60198f9f138810f84b7107ca0561,7.315611218420127
e3919de46ecd1f707451dad4a1ac88e5b7403f11,7.477806798582635
e3919de46ecd1f707451dad4a1ac88e5b7403f11,7.334364885279635
e3b9460f9a4bd3f4a5243f388246084f41e0dab2,7.81663246561816
e3b9460f9a4bd3f4a5243f388246084f41e0dab2,7.81663246561816
e3c9abe5680cb3851ac38d00a01c46f58b6aaaeb,7.882277841380431
e3c9abe5680cb3851ac38d00a01c46f58b6aaaeb,7.882277841380431
e40337a34c269120bffcc76e69700d06f6d716ce,7.821321152705889
e40337a34c269120bffcc76e69700d06f6d716ce,7.950799577953851
e45204eccdaf94faa580c54b1fe1289c97b1f56c,6.95531952803014
e45204eccdaf94faa580c54b1fe1289c97b1f56c,6.95531952803014
e460fd665c3f541f48ac4503abf2e90b9bbb3b94,7.517288651953855
e460fd665c3f541f48ac4503abf2e90b9bbb3b94,7.517288651953855
e4935a868e50ec1951f892af50e2f5886c935919,7.3384574091871695
e4935a868e50ec1951f892af50e2f5886c935919,7.3384574091871695
e58eaf39ea458008043bd1472f267706524f1fc2,7.883248475287076
e58eaf39ea458008043bd1472f267706524f1fc2,7.883248475287076
e594aa5283c8b2076ece870504b4b6b2e9c29ca9,7.786266241662415
e594aa5283c8b2076ece870504b4b6b2e9c29ca9,7.786266241662415
e621f4d6991a537e4508648aa4c3fc278091ec1d,8.10191626140552
e621f4d6991a537e4508648aa4c3fc278091ec1d,8.047324872232963
e63a9cdc387a31ea563ecc24b20eb824a8c54ebb,7.762808004767208
e63a9cdc387a31ea563ecc24b20eb824a8c54ebb,8.09799590652439
e659bb37740950badc7fac606f227ba5f74fa866,7.965762044238484
e659bb37740950badc7fac606f227ba5f74fa866,7.965762044238484
e65a627881df5d3e0bfad77c56221d858da5ead0,7.746613916760514
e65a627881df5d3e0bfad77c56221d858da5ead0,7.606946760897585
e67fff49031a4f2699f10d6a2dd89b4cafc70323,8.176853867754104
e67fff49031a4f2699f10d6a2dd89b4cafc70323,8.324191153547448
e6900f649459ddbd9ee38b93582378162c8d77ac,8.38580028623887
e6900f649459ddbd9ee38b93582378162c8d77ac,8.38580028623887
e73e06dbdc983d0a3ccccdf754b85603dd0818e7,8.15929791329542
e73e06dbdc983d0a3ccccdf754b85603dd0818e7,8.15929791329542
e7b94e593e93b6fe31083393cff1d63ca2142b64,7.547147129988119
e7b94e593e93b6fe31083393cff1d63ca2142b64,7.547147129988119
e7cef9ca74dbf2dc906e3216004a1b5e6a96e241,7.742350037950078
e7cef9ca74dbf2dc906e3216004a1b5e6a96e241,7.742350037950078
e7d0678e66dad824da63837b53bb0bb38a571f42,7.72099958116488
e7d0678e66dad824da63837b53bb0bb38a571f42,7.72099958116488
e816ed48800359bfd078c1444a40e00be6fbb5bf,7.845738593214136
e816ed48800359bfd078c1444a40e00be6fbb5bf,7.845738593214136
e8335df6f0ac481c6ac16096889c51cb95ab2f6c,8.639553469069355
e8335df6f0ac481c6ac16096889c51cb95ab2f6c,8.639553469069355
e85a79ca1bb1f59951efb5c25e40e0ee73985cdb,7.917728433118991
e85a79ca1bb1f59951efb5c25e40e0ee73985cdb,7.917728433118991
e85a95e2eddbdafe7db54351ce3680933e09d0a3,7.602013998360298
e85a95e2eddbdafe7db54351ce3680933e09d0a3,7.602013998360298
e873b044ecba72370076d7fe198eeaad94bef3a1,7.351162870965238
e873b044ecba72370076d7fe198eeaad94bef3a1,7.351162870965238
e89a4f1825ece62064e95e63475769011258af36,8.182216858778796
e89a4f1825ece62064e95e63475769011258af36,8.182216858778796
e90cd427d5e229999107e56e3f06953f3108635a,7.635314232398622
e90cd427d5e229999107e56e3f06953f3108635a,7.635314232398622
e92f3d3e5a00b7767c239cac14b6d9fe92d5ef9b,8.098440969117798
e92f3d3e5a00b7767c239cac14b6d9fe92d5ef9b,7.894994539302468
e95d7442ab6fb642a8c3529ef2fc8aa25a774e13,7.864730855055104
e95d7442ab6fb642a8c3529ef2fc8aa25a774e13,7.946304685254756
e99d4fb3ef87d5e201da3b08841541fd953af089,7.7333785707325955
e99d4fb3ef87d5e201da3b08841541fd953af089,8.015688702461857
e9a8e1a87eb55c0dc1787fcaed22be98d9cc1ed0,7.746197859050789
e9a8e1a87eb55c0dc1787fcaed22be98d9cc1ed0,8.192588701449642
ea0a8f0b0b712337c3740e6ad5293f3dc47db568,7.985007773095363
ea0a8f0b0b712337c3740e6ad5293f3dc47db568,8.16543396457294
ea2f8736bbf1d859fb5b46f848db37f421181bd4,7.303897899568849
ea2f8736bbf1d859fb5b46f848db37f421181bd4,7.303897899568849
ea385e57f5d3d6841a6997dd7af680e135928bca,7.124721274467315
ea385e57f5d3d6841a6997dd7af680e135928bca,7.522046313247565
ea55b410ce0e38664c6597e4bfa09fce84399461,7.745654725987173
ea55b410ce0e38664c6597e4bfa09fce84399461,7.902404273095499
ea7332c6a62cada8a8e85200ddb71fed941ce876,7.5046897363529945
ea7332c6a62cada8a8e85200ddb71fed941ce876,7.5046897363529945
ea79d40b446a3660b4d0b01e53fc4a14bc18f60e,7.842044070087308
ea79d40b446a3660b4d0b01e53fc4a14bc18f60e,7.842044070087308
ea8f19a7914d05412dc4159108d93d42a675e2e8,7.757844089332397
ea8f19a7914d05412dc4159108d93d42a675e2e8,7.757844089332397
eaad1484ffa24b01432fa3564a8635bda0b4c34c,8.147572335095536
eaad1484ffa24b01432fa3564a8635bda0b4c34c,8.147572335095536
eadbb37222d32232022838b7765dea96bf38e0f6,8.0318187261179
eadbb37222d32232022838b7765dea96bf38e0f6,8.0318187261179
eaf60b6a377c720fa7a13f97831f38531047a217,8.374949148185035
eaf60b6a377c720fa7a13f97831f38531047a217,8.374949148185035
eaffaa19471bbf9bba8fa5808dd0904474089ae7,7.788004640394592
eaffaa19471bbf9bba8fa5808dd0904474089ae7,7.605531236608815
eb001120a0f842e5bbfd786652695628bd65090c,7.9233999596828495
eb001120a0f842e5bbfd786652695628bd65090c,7.9233999596828495
eb2a090421ba380ba6c0a8119510e031bc4e55ea,8.622983758476632
eb2a090421ba380ba6c0a8119510e031bc4e55ea,8.264617485779777
eb451c65ea210bed6af798282c2c6205c79f71fd,8.219615602625423
eb451c65ea210bed6af798282c2c6205c79f71fd,8.219615602625423
eb46bad8df84ccc42fb7bc9cc3a218247777367e,7.967825111229375
eb46bad8df84ccc42fb7bc9cc3a218247777367e,7.967825111229375
eb7470e41cb0d50314e9755be518f55b093a4975,7.880101339959162
eb7470e41cb0d50314e9755be518f55b093a4975,7.711596518079543
eb83b2280e41f55da33ed81e62d7b8ebba9a93f8,7.453012954616086
eb83b2280e41f55da33ed81e62d7b8ebba9a93f8,7.7230983175927985
eb870373b64f0be961f503936f7a725fca60fb32,7.016271281780541
eb870373b64f0be961f503936f7a725fca60fb32,7.497635827513592
ebdfeac0c48444c5f4fd377145b2d97e12c78cac,6.569875808616793
ebdfeac0c48444c5f4fd377145b2d97e12c78cac,6.569875808616793
ebe0702c8a0d906044fbc61cf18d3f8dc9aacef9,8.040651031380033
ebe0702c8a0d906044fbc61cf18d3f8dc9aacef9,8.302099885309506
ec62a3c21a4a116991338ac88863dff35157a1a7,6.695446910841659
ec62a3c21a4a116991338ac88863dff35157a1a7,6.695446910841659
ec7d2ce8cce8253208e8d0ae74991b46ce2eadf0,7.467340218098726
ec7d2ce8cce8253208e8d0ae74991b46ce2eadf0,7.467340218098726
ecd66b9bbdcc6ae1eb9a6b765868cba3601730b6,7.312118932558246
ecd66b9bbdcc6ae1eb9a6b765868cba3601730b6,7.685173229827834
ece9b75bda9d53b5a67f7bb53b5635a3df017020,8.072470164229694
ece9b75bda9d53b5a67f7bb53b5635a3df017020,8.072470164229694
ed3e0c98995edeee0b0a55fe15929a82097e93fe,7.904864116856619
ed3e0c98995edeee0b0a55fe15929a82097e93fe,7.933816995970328
ed6c052a16794cf2376b1497c505b438e9af69b6,7.627905779821598
ed6c052a16794cf2376b1497c505b438e9af69b6,7.627905779821598
ed8ffb58d172827f17d1abead83d9b8c44b554df,6.506197042826504
ed8ffb58d172827f17d1abead83d9b8c44b554df,6.506197042826504
ed9eaeb6a707f50154024b24d7efcb874a9795dd,7.7572495097294425
ed9eaeb6a707f50154024b24d7efcb874a9795dd,7.628221586629598
eda32ee9ebe79ae7f85927db19cadc6199752dfd,8.110993670179402
eda32ee9ebe79ae7f85927db19cadc6199752dfd,8.110993670179402
edc5737211dd036ad81985e117aea3ab9cbc030a,7.984417451704439
edc5737211dd036ad81985e117aea3ab9cbc030a,7.984417451704439
edc641c842df448a70ce315e00b6dd4461a260a9,8.074587455682286
edc641c842df448a70ce315e00b6dd4461a260a9,8.13532599117565
edcb11b4746d7b8056929a37a11e81b0fe3202c9,8.069766085909405
edcb11b4746d7b8056929a37a11e81b0fe3202c9,7.819798518825294
edd78ffaa7bc16d94ee6908b98b3d9863f492c89,7.868134905792747
edd78ffaa7bc16d94ee6908b98b3d9863f492c89,8.181856569621635
ededd47b1e0c18d4af4ad2b0cc21eebcb7c6e6b9,7.840858344548978
ededd47b1e0c18d4af4ad2b0cc21eebcb7c6e6b9,7.840858344548978
ee30201b0b1261fcb6cf010787990ec87343d300,8.493607706184944
ee30201b0b1261fcb6cf010787990ec87343d300,8.265877089315117
eee2c3c453eb64f9c327f09e83be35ef36528101,7.518177851348991
eee2c3c453eb64f9c327f09e83be35ef36528101,7.569211503509809
ef02ce9a2a904477907fe9135cdcbf1652180d31,7.681298443012868
ef02ce9a2a904477907fe9135cdcbf1652180d31,8.056429390860574
ef070fa973803bec505aeb6230acdd7a917e2a59,8.388885912467734
ef070fa973803bec505aeb6230acdd7a917e2a59,8.388885912467734
ef5d4cc5cd7a9d46f3e31572d97bd52423bae4e0,7.137327344830776
ef5d4cc5cd7a9d46f3e31572d97bd52423bae4e0,7.137327344830776
efcf2fbf26e74d0af378d96a168c8cdc05c42a84,8.043945128491444
efcf2fbf26e74d0af378d96a168c8cdc05c42a84,8.043945128491444
f01795183fd859bc35b074c06fd58b5e6623fb03,6.9893128696368905
f01795183fd859bc35b074c06fd58b5e6623fb03,6.594635580260776
f01bb96987327c1dfec6ddbc980cfd85650f20d6,7.701432849507248
f01bb96987327c1dfec6ddbc980cfd85650f20d6,8.298956979218103
f037357014544261767c6ab5b172b246b09d3ddb,7.774405953154304
f037357014544261767c6ab5b172b246b09d3ddb,7.9119886690187435
f05838da14ca1dad97a5cc0c58323c6df9153257,7.721761839727889
f05838da14ca1dad97a5cc0c58323c6df9153257,8.490307718585274
f0be3049c99eb84be5aae5352c2f0ccf661e1f43,7.7061098851555885
f0be3049c99eb84be5aae5352c2f0ccf661e1f43,8.149956992532003
f0cbea39c26f2cf588e04885ddc1a439564bd782,7.099944812977533
f0cbea39c26f2cf588e04885ddc1a439564bd782,7.48186100617697
f0d74f349e6479eaecf425634f8b0dd51e60d60c,8.149956675118094
f0d74f349e6479eaecf425634f8b0dd51e60d60c,8.019226889773256
f126cb73dbad037e40b322f82b6f40e92a15a595,7.686532898503399
f126cb73dbad037e40b322f82b6f40e92a15a595,7.3999884416022885
f1299639d65fd743440958354f22154e171500d0,8.231013786888983
f1299639d65fd743440958354f22154e171500d0,8.231013786888983
f1302a0b13ef669e0d797c1d4106355cc43f7144,8.1285822448812
f1302a0b13ef669e0d797c1d4106355cc43f7144,8.1285822448812
f156718d3970030deec27298f56fc78a00c00f5a,8.155830439494217
f156718d3970030deec27298f56fc78a00c00f5a,8.075463590125782
f18c98fe93f825e2c01296bad47dc072ff70eef1,8.172394814635815
f18c98fe93f825e2c01296bad47dc072ff70eef1,7.911705128885537
f1fb0a22c3c46fe87eaf8bdd97d80ed51436f782,7.392252569682881
f1fb0a22c3c46fe87eaf8bdd97d80ed51436f782,7.251263443248479
f2418c1ba0f63cb975e6d8c26ce4a145b11ad924,8.330335824921606
f2418c1ba0f63cb975e6d8c26ce4a145b11ad924,8.330335824921606
f2c6f4d1250f2570b4dc5edfa7d0952ec4b7194f,8.054491620840725
f2c6f4d1250f2570b4dc5edfa7d0952ec4b7194f,8.054491620840725
f2d54f193cc71d429fd5803b2e4721d012afe568,7.9058286043171
f2d54f193cc71d429fd5803b2e4721d012afe568,7.951587456680236
f2efe01b5b7d2613529468857009a02a3cc820b6,7.936364942136234
f2efe01b5b7d2613529468857009a02a3cc820b6,7.936364942136234
f35248e9e95942a05313dda4f3a677705d8c651b,7.673673394295521
f35248e9e95942a05313dda4f3a677705d8c651b,7.739964238662026
f38238ea1bfa182b81a7d73d563b61dbf2825754,8.067807884113984
f38238ea1bfa182b81a7d73d563b61dbf2825754,8.067807884113984
f382c8f54d9fc494b6d8cc0751f694f0acbddca2,7.655664852335857
f382c8f54d9fc494b6d8cc0751f694f0acbddca2,7.655664852335857
f3a603f5ad05ee8b8374af6523467f1ee058959e,7.762266427647497
f3a603f5ad05ee8b8374af6523467f1ee058959e,7.638312008506174
f3a7769633f8060ffee4a0295c55ec9be084e3c0,7.599459883909576
f3a7769633f8060ffee4a0295c55ec9be084e3c0,7.5103450109575025
f3d6d22e76fc586bffc4f5ac1d73f096f03efa0f,7.740952064746253
f3d6d22e76fc586bffc4f5ac1d73f096f03efa0f,8.311475159158682
f408354e704d901dac2f283fc8242d2787ee4813,8.224709320299398
f408354e704d901dac2f283fc8242d2787ee4813,8.224709320299398
f42621bb38f167d2de3d662cbe897f5fd1234aa3,8.27480906113802
f42621bb38f167d2de3d662cbe897f5fd1234aa3,8.386877090290241
f4367a0ab2083a66a5fa812df89e590d3fd3b5a8,7.336042429564125
f4367a0ab2083a66a5fa812df89e590d3fd3b5a8,7.336042429564125
f440f5463ae218aef17a60e9f2ffc7dbbc45dc54,8.108381569590124
f440f5463ae218aef17a60e9f2ffc7dbbc45dc54,7.862748272735685
f459440c7a99294ca9763f332cd9aa09b0c280d6,7.535166707700658
f459440c7a99294ca9763f332cd9aa09b0c280d6,7.592984282130369
f492b1eb37bae60ab4597c161e7b67d9cc9e4dc6,7.495094751585491
f492b1eb37bae60ab4597c161e7b67d9cc9e4dc6,7.495094751585491
f4984561cc406867aa796356b6bf10a2091e67fe,7.917805375472089
f4984561cc406867aa796356b6bf10a2091e67fe,7.917805375472089
f4a045088bd0003226023c10214248049d9da90f,7.933592176640255
f4a045088bd0003226023c10214248049d9da90f,7.933592176640255
f4c3f24024c2e96ed13a845b5ad7213143844d9f,7.680629510169237
f4c3f24024c2e96ed13a845b5ad7213143844d9f,7.680629510169237
f4d9301713b16c13c174f19e18d0200175494a79,7.469707387227321
f4d9301713b16c13c174f19e18d0200175494a79,7.682510654772905
f5674c61e82766371ddd913c99e6b70414f4dd55,7.771537054838286
f5674c61e82766371ddd913c99e6b70414f4dd55,8.039902671914186
f59fe9b15a7762aa5ffb0653396da3f4f2536553,7.610920163490046
f59fe9b15a7762aa5ffb0653396da3f4f2536553,8.144460847817856
f5a2b63a98287f49a07f6101717dd4c1048b9903,7.980248998903206
f5a2b63a98287f49a07f6101717dd4c1048b9903,7.980248998903206
f5ede5df58c2ea59be6b8c8097659bb8c2e9d0e9,7.7385402271234
f5ede5df58c2ea59be6b8c8097659bb8c2e9d0e9,7.071799186620684
f639cf4aa4008b2bf51b274cc01dede03666150e,7.963272984298078
f639cf4aa4008b2bf51b274cc01dede03666150e,7.963272984298078
f679eb92d1581b842e213a6d2a8a74a0b9ede984,6.082080551137701
f679eb92d1581b842e213a6d2a8a74a0b9ede984,6.082080551137701
f6c974c003c063735fb1afcba0aec50acdb89861,7.400308741149844
f6c974c003c063735fb1afcba0aec50acdb89861,7.767944878765681
f6f5b15522aa9457158ec6d7a16caaacd6cbee42,7.515525372948507
f6f5b15522aa9457158ec6d7a16caaacd6cbee42,7.6957129250610645
f77371745c51f549f9a641110e52f255aaed0f10,8.539761124508667
f77371745c51f549f9a641110e52f255aaed0f10,8.539761124508667
f78599d53dcb621a631b8dbc0feb5dd63e2aedd3,7.621843815358717
f78599d53dcb621a631b8dbc0feb5dd63e2aedd3,7.621843815358717
f7875ec1207504a229cd9b5ca132437c6bdd6a4d,7.874782655527366
f7875ec1207504a229cd9b5ca132437c6bdd6a4d,7.878514508319682
f7b65fa8dfbc07f71d9e206d1e1fd35b986cab65,7.565460927414612
f7b65fa8dfbc07f71d9e206d1e1fd35b986cab65,7.565460927414612
f7ce1b89f61b8a40a961d7fee02ea31d4b27583a,7.84851153964794
f7ce1b89f61b8a40a961d7fee02ea31d4b27583a,7.84851153964794
f7d331120e9b3a15cf4a0028849bf050846d5d6a,7.583530217666894
f7d331120e9b3a15cf4a0028849bf050846d5d6a,7.4848383336755075
f7e7c21b753521a3f4eb226d9c69d71214e183bd,8.42088487449967
f7e7c21b753521a3f4eb226d9c69d71214e183bd,8.814475861179083
f8526194e3d9450a847706ea1c474c9e1a65a3a4,7.672362590162943
f8526194e3d9450a847706ea1c474c9e1a65a3a4,7.672362590162943
f861873a2af44519d0c30b7b390257e28084c360,7.893887781517735
f861873a2af44519d0c30b7b390257e28084c360,7.893887781517735
f86b9fba1d59be7c864d4f23d0c7674113a27cab,7.7217831775804155
f86b9fba1d59be7c864d4f23d0c7674113a27cab,7.946134689041447
f8da0aad0792d4f2d30881abdbfd4029dc264842,7.890385776393821
f8da0aad0792d4f2d30881abdbfd4029dc264842,7.890385776393821
f90fb4df43d85aad3ae9602aea19fdb4f47de984,8.304456609596944
f90fb4df43d85aad3ae9602aea19fdb4f47de984,8.304456609596944
f91758fe4f441cd4b7b053a03252b4c50f3d4737,8.394627952391351
f91758fe4f441cd4b7b053a03252b4c50f3d4737,8.50358867377583
f91b376092344f19705df8873d25aa4a34bafce6,7.848673172201724
f91b376092344f19705df8873d25aa4a34bafce6,7.5991910074758655
f92e3ec921384713419dca56d1fe2be1d51f1b54,8.365772858651576
f92e3ec921384713419dca56d1fe2be1d51f1b54,8.365772858651576
f944b947ec651ccf64807b644af38c6f04229bb7,8.022620619390953
f944b947ec651ccf64807b644af38c6f04229bb7,8.022620619390953
f947938c0e7c1345a488d9f17a74331ca6f478dc,7.67053703581961
f947938c0e7c1345a488d9f17a74331ca6f478dc,7.67053703581961
f9491b0ab4aee90c428545e0e315a3af1f827595,8.590412514165024
f9491b0ab4aee90c428545e0e315a3af1f827595,8.506706683140523
f94ac320b67f53eb86a68cf30fcced221092e7fa,7.883248475287076
f94ac320b67f53eb86a68cf30fcced221092e7fa,7.883248475287076
f97b1dbd007f20fea2e262e62433e01ae91da602,7.666176501225824
f97b1dbd007f20fea2e262e62433e01ae91da602,7.110205724912347
f9e06c04dc036b01f65e7f71a9201922f201dade,7.921930556922518
f9e06c04dc036b01f65e7f71a9201922f201dade,7.6240425018235305
f9f4d4ef2a3de006bd037db9eb160ab8e51c79f2,8.538368890991178
f9f4d4ef2a3de006bd037db9eb160ab8e51c79f2,8.538368890991178
faab34a8374299678ccf4eaa3628cdba3b65bfa6,7.757517431025559
faab34a8374299678ccf4eaa3628cdba3b65bfa6,7.3574860831938285
fab22b3c9fd685c26953a5ffe073c4aa2a788c7a,7.867576397142757
fab22b3c9fd685c26953a5ffe073c4aa2a788c7a,7.867576397142757
fb0a2834f5f131005e12dc1962056623ee6a7188,7.691760163937668
fb0a2834f5f131005e12dc1962056623ee6a7188,7.691760163937668
fbf5d7997f35a05b4f296b7b70b08866c13db856,8.281782030530536
fbf5d7997f35a05b4f296b7b70b08866c13db856,8.281782030530536
fc4d0cb084cf3b98bbe820a9fc36fd437940969e,7.263295821126911
fc4d0cb084cf3b98bbe820a9fc36fd437940969e,7.263295821126911
fc83d8b4ec86934a2daa128311afedeb0ca5fd50,8.295831688656909
fc83d8b4ec86934a2daa128311afedeb0ca5fd50,8.122021682723378
fcd6e54df612c033e7a465155046b5223ca4eee3,7.324144117569256
fcd6e54df612c033e7a465155046b5223ca4eee3,7.324144117569256
fcdf51cf37b314ebc57038046b859b3172117f4f,8.204188393904193
fcdf51cf37b314ebc57038046b859b3172117f4f,8.204188393904193
fd29d68d81bf469540c56ab7074ad748cd72203c,8.076447633095
fd29d68d81bf469540c56ab7074ad748cd72203c,7.6768817383951395
fe31861a03511f91760de27adfb8803e8ad321b8,7.232575890098674
fe31861a03511f91760de27adfb8803e8ad321b8,7.232575890098674
fe4316169ee8c83567ebc52bc629912ff65f14b6,8.143083721297863
fe4316169ee8c83567ebc52bc629912ff65f14b6,8.143083721297863
fe516d090eef192c93197ed87878da0e23908140,8.794939227160459
fe516d090eef192c93197ed87878da0e23908140,8.794939227160459
fe659e147194c97b69278c8effb4041297398009,7.586089275037924
fe659e147194c97b69278c8effb4041297398009,7.586089275037924
feb8a2859a011c59efd22ed419cb69288fe03627,8.046594903672098
feb8a2859a011c59efd22ed419cb69288fe03627,8.046594903672098
fef4a3263ed9a8ab14d457694bb8fd86ccd98312,8.132031962123033
fef4a3263ed9a8ab14d457694bb8fd86ccd98312,8.177565119583914
ff12d6e2ab80696ed8e22fbe5497e96c68d29076,8.846803167547094
ff12d6e2ab80696ed8e22fbe5497e96c68d29076,8.848153171601144
ff3fa2ec64294f37ae968159f810ebeda7966c51,7.903540493465933
ff3fa2ec64294f37ae968159f810ebeda7966c51,7.903540493465933
ffe872165621d735a48bb5db0c71dd5195cba359,8.678340951748432
ffe872165621d735a48bb5db0c71dd5195cba359,8.678340951748432
