0134f9f410c65ad0e8c2254a7e9288670e02a183,7.317328744757172
0134f9f410c65ad0e8c2254a7e9288670e02a183,7.317328744757172
035f97702f2c01d26ab1fae8f39ea2f98a0caa3c,6.682275534172405
035f97702f2c01d26ab1fae8f39ea2f98a0caa3c,6.682275534172405
06024da8147b5cf6105beb4c403f67cf1ff0aea1,4.426039676483807
06024da8147b5cf6105beb4c403f67cf1ff0aea1,4.426039676483807
0aaebc88f6106684d6993c156104c1ef36cf94e0,6.918968038127225
0aaebc88f6106684d6993c156104c1ef36cf94e0,6.918968038127225
0bf111a9caedf02804f6991792490e63bc21058a,7.245737907994289
0bf111a9caedf02804f6991792490e63bc21058a,6.12045424610815
0d815307d5307124d148bbebfb41497230c4bd15,8.16955759242535
0d815307d5307124d148bbebfb41497230c4bd15,8.16955759242535
0eb93817d6eb3d5bd3e44dbc75971eea193b924f,6.6287803725957355
0eb93817d6eb3d5bd3e44dbc75971eea193b924f,6.6287803725957355
12887fd9a4df4ba9b88a71f3fb1d2502a75995dd,7.959084743954994
12887fd9a4df4ba9b88a71f3fb1d2502a75995dd,7.959084743954994
137ffd846ed245676a14f1d5e8676a4ef646182b,6.004127887014809
137ffd846ed245676a14f1d5e8676a4ef646182b,6.004127887014809
138c5848f009c004f0b8e2379316d5ec18332ff8,4.674237115841549
138c5848f009c004f0b8e2379316d5ec18332ff8,4.674237115841549
209d7c77e7a150b6990a3372f7cb24da0c0e7e07,6.5251394308557735
209d7c77e7a150b6990a3372f7cb24da0c0e7e07,6.5251394308557735
2383a9a33025aa8759fee9a890f6420df0fc8b47,7.177808910302419
2383a9a33025aa8759fee9a890f6420df0fc8b47,8.456720588403671
248ff20c10b7d18c30fc84ce214936f5bb440e6e,4.732726839861538
248ff20c10b7d18c30fc84ce214936f5bb440e6e,4.732726839861538
2855b4b4d03c37c94117e615a25e0e321ec8d77a,3.4696221474944817
2855b4b4d03c37c94117e615a25e0e321ec8d77a,3.4696221474944817
2fa311a94bc0da6d97955730d071ad6fcc770bfd,7.280012994870424
2fa311a94bc0da6d97955730d071ad6fcc770bfd,7.280012994870424
326a025b5c23347b9eb2c5ceae75a5908a461f69,6.947952664740043
326a025b5c23347b9eb2c5ceae75a5908a461f69,6.947952664740043
339fff79c43561c995b29972a962ccec846c599f,6.979794359244312
339fff79c43561c995b29972a962ccec846c599f,6.979794359244312
36dbfe4759f861ee72011812df2178cbbfd736a1,8.763099989774053
36dbfe4759f861ee72011812df2178cbbfd736a1,8.763099989774053
39713cf2db02601e4bd6360ba70f8013c0433f48,7.404460549736673
39713cf2db02601e4bd6360ba70f8013c0433f48,7.404460549736673
3d4f612148056feeb651f4711c1f640f5015101a,6.831112910074826
3d4f612148056feeb651f4711c1f640f5015101a,6.831112910074826
410357eb9129023509cfaf8d38be61c050bb3b05,6.891701317250092
410357eb9129023509cfaf8d38be61c050bb3b05,6.891701317250092
4dcdd4c95ba88786172619ebea8aad4ec757a150,6.726236415927121
4dcdd4c95ba88786172619ebea8aad4ec757a150,6.726236415927121
4df58b4a53afe49f40e1c054f9a2e8553352e254,6.554791066661465
4df58b4a53afe49f40e1c054f9a2e8553352e254,8.425722440743964
4f571f241bb2d884216b4712cdcd482e310a718a,7.027936685240337
4f571f241bb2d884216b4712cdcd482e310a718a,7.027936685240337
508e0627871ed482bd8ab34544e43e5d856a889c,6.937087527049104
508e0627871ed482bd8ab34544e43e5d856a889c,6.937087527049104
50f17ae2d9048b293cc969aa8668b365f9773f1b,6.052434532785881
50f17ae2d9048b293cc969aa8668b365f9773f1b,6.052434532785881
5235e36e00b0e927e6ce9f6f771ef92915857989,7.726536973887249
5235e36e00b0e927e6ce9f6f771ef92915857989,7.726536973887249
529d7e5b25e40c18bb7ea49be0963ed7f3e288ea,7.588166687158456
529d7e5b25e40c18bb7ea49be0963ed7f3e288ea,7.588166687158456
541270fc6468b9399001ee5a8bfa0cd380e1db60,4.027751987315011
541270fc6468b9399001ee5a8bfa0cd380e1db60,4.027751987315011
549b4b9f5408631f8a062a6a3b71c496646ee0fb,7.963265275019328
549b4b9f5408631f8a062a6a3b71c496646ee0fb,7.963265275019328
55ef1cb9ba9a618396f8f82aefdc261d00864381,8.476107079403688
55ef1cb9ba9a618396f8f82aefdc261d00864381,8.476107079403688
59b2a9ae92876d8ce54309fe82bb92d7cffbc794,7.238319000163945
59b2a9ae92876d8ce54309fe82bb92d7cffbc794,6.328636849986808
5b023883ac089df249ef06f7c8c4398f37e1c55d,7.038259286381238
5b023883ac089df249ef06f7c8c4398f37e1c55d,7.038259286381238
5c67cd01bb445f9b80d30f2c551d0d42776898fe,6.938264924449722
5c67cd01bb445f9b80d30f2c551d0d42776898fe,6.938264924449722
61c0c30e1af44a3ad57880bfab7a88591a434b92,6.91145568105999
61c0c30e1af44a3ad57880bfab7a88591a434b92,6.91145568105999
6434afe6261c6f3f4fdbad511a2db8ef090f8c07,4.719186090561892
6434afe6261c6f3f4fdbad511a2db8ef090f8c07,4.719186090561892
67212308d026508fd5b6942ffbbdd7b0be2e89de,7.462165962751108
67212308d026508fd5b6942ffbbdd7b0be2e89de,7.462165962751108
67f697ac574661dca982dcd95ba358bde5b48a8e,6.695614001612834
67f697ac574661dca982dcd95ba358bde5b48a8e,6.695614001612834
7186e8a3fb8c0322eee7e354ed8f1669885f6774,2.454466632543629
7186e8a3fb8c0322eee7e354ed8f1669885f6774,2.454466632543629
72a34636b5a1de1c3796e43d5abc564b4d0803e7,5.892589175710734
72a34636b5a1de1c3796e43d5abc564b4d0803e7,5.892589175710734
737dd3b5a70f36e8bb79f4c5cf86c7ccfb1e7d55,4.080999170285967
737dd3b5a70f36e8bb79f4c5cf86c7ccfb1e7d55,4.080999170285967
73c38d8466f153b974c09c066d1469f63b856d07,7.869915505304599
73c38d8466f153b974c09c066d1469f63b856d07,7.869915505304599
73ec1e02101d9e26fb75fe8580eec218d09ba78b,6.800032589522951
73ec1e02101d9e26fb75fe8580eec218d09ba78b,6.800032589522951
7494b38c6d82b590c4afa6cc975f583f51395177,7.623940752693612
7494b38c6d82b590c4afa6cc975f583f51395177,7.623940752693612
75ef6c3aff156ef52aa846c2fc3b26271e50e335,8.783286168970463
75ef6c3aff156ef52aa846c2fc3b26271e50e335,8.783286168970463
797c7c555f32a47816ca7f0c017002a2131c132a,5.613926338754273
797c7c555f32a47816ca7f0c017002a2131c132a,5.613926338754273
798e6393c36bd3b6dc0a9f97de7d4c87a6e5b252,2.0044362659540598
798e6393c36bd3b6dc0a9f97de7d4c87a6e5b252,2.0044362659540598
79fb09750bdb85310622bf240e1060ef8de8bce1,6.943742767503018
79fb09750bdb85310622bf240e1060ef8de8bce1,6.943742767503018
84a17972cc6d29489bbe205a9e7feb8745726fbc,6.931296848071277
84a17972cc6d29489bbe205a9e7feb8745726fbc,7.592220279183151
84b6b2d70924066c8345f2bc2281791ae3188da2,7.626464537711469
84b6b2d70924066c8345f2bc2281791ae3188da2,7.693856983815434
851d9a4b9b8e236f2d62282ddf06fae57b7d9492,8.338376251442973
851d9a4b9b8e236f2d62282ddf06fae57b7d9492,8.338376251442973
8531dba6dd1818a4e3f3ba5e355e1e5ea9276afe,7.877367074352963
8531dba6dd1818a4e3f3ba5e355e1e5ea9276afe,7.877367074352963
8554d1155712da4bc72ec5921db3227311265359,9.3740135664498
8554d1155712da4bc72ec5921db3227311265359,9.3740135664498
8576d2d269326a29503a1763996227723fa531a7,8.720590291864948
8576d2d269326a29503a1763996227723fa531a7,8.720590291864948
85838695003ef753ce13327655b84defa54d6eae,7.619656483523087
85838695003ef753ce13327655b84defa54d6eae,7.839700226079512
859c3b6fce7256abf5acfef957e6c04134c01e4b,7.128508499728753
859c3b6fce7256abf5acfef957e6c04134c01e4b,7.359188323088451
85bebedd9d4605ff6823f6f25c761e64a588bf22,7.944462746149462
85bebedd9d4605ff6823f6f25c761e64a588bf22,7.944462746149462
85bf028205803eb9b1e5494c540ddd2938606606,8.862172071592257
85bf028205803eb9b1e5494c540ddd2938606606,8.208232689953109
861075bc29124627aacce66a29c6dd835abcf3be,8.258303518674207
861075bc29124627aacce66a29c6dd835abcf3be,8.258303518674207
8674a295a4ae610ccd77b60cbaa692db6a875761,8.092891254084476
8674a295a4ae610ccd77b60cbaa692db6a875761,8.752456417322488
86a7e49131f2acbd350c4b0b9a2243838bd4e122,7.5777249971336715
86a7e49131f2acbd350c4b0b9a2243838bd4e122,7.5777249971336715
86adc493a1cc74328222a194a1d1e3adf098b5c8,7.647742992987232
86adc493a1cc74328222a194a1d1e3adf098b5c8,7.647742992987232
86d9a98ab0225d2c2faf6d51fe3b9fad194c3ce3,8.104116128414116
86d9a98ab0225d2c2faf6d51fe3b9fad194c3ce3,8.501762307435033
87322721181928972ce2b67242f61ff23275f3dd,8.910586200659383
87322721181928972ce2b67242f61ff23275f3dd,8.627693369153985
875e48fd13e52a01a4d48d745d72128f25b9ec81,7.657784028801746
875e48fd13e52a01a4d48d745d72128f25b9ec81,7.657784028801746
87752697bce404c9b410be71a45e76f3c7fc9392,8.55420620854574
87752697bce404c9b410be71a45e76f3c7fc9392,7.6027492838537984
87b3a5eca0c70c7828168756cd7813cc8b3285bd,7.960774688878144
87b3a5eca0c70c7828168756cd7813cc8b3285bd,7.960774688878144
87ce4212940578f8ab9aaab4616b104ab515d4e9,7.446635622128364
87ce4212940578f8ab9aaab4616b104ab515d4e9,6.671361696298554
87e4a8d6efab19e147f510e9b5d10c0d0ff5845e,7.81166780228536
87e4a8d6efab19e147f510e9b5d10c0d0ff5845e,7.81166780228536
88003ba023714648c4312658ad9a4b3703e56de0,4.65839404748429
88003ba023714648c4312658ad9a4b3703e56de0,4.65839404748429
88188301e8d3565c7f1e2cee1f9ab8794676216a,7.142265013222034
88188301e8d3565c7f1e2cee1f9ab8794676216a,7.142265013222034
8819c6723e6d42ad569274ebe2ce4212fd8621c4,7.898620539955348
8819c6723e6d42ad569274ebe2ce4212fd8621c4,7.898620539955348
884afc60bb87e1f0d85311221487273fc5d13d13,6.8822049717130795
884afc60bb87e1f0d85311221487273fc5d13d13,7.2036936578812165
8866a6da23ad8a2abfb243905e0b5e2c98e366bc,8.617447994909345
8866a6da23ad8a2abfb243905e0b5e2c98e366bc,6.833072033971623
88a694a270a460f5a09e1e8c569b036d03b9b5ea,8.703412320989623
88a694a270a460f5a09e1e8c569b036d03b9b5ea,8.703412320989623
892240639d1170ec0f4bb6248ba3e9bd390ed089,8.414625252395961
892240639d1170ec0f4bb6248ba3e9bd390ed089,9.366803701443656
89521736c16fbbd86315c3f3c555132aee8896ae,7.762427603625644
89521736c16fbbd86315c3f3c555132aee8896ae,7.762427603625644
8960e95f79cd20b46b7e8fd09d0aa88015566a9a,6.976936092538266
8960e95f79cd20b46b7e8fd09d0aa88015566a9a,6.07957052300881
8968e2c95fd09b05d48b4b094529d54d06bf6da5,6.9512327074672156
8968e2c95fd09b05d48b4b094529d54d06bf6da5,7.490897932108161
899bf68f741b96e69c8b1d6bf22fd86e00b7c00f,7.724580792024264
899bf68f741b96e69c8b1d6bf22fd86e00b7c00f,7.724580792024264
89b7eb7ce1dccd4f6a7eb59017ac455cf1e57766,6.833792984961744
89b7eb7ce1dccd4f6a7eb59017ac455cf1e57766,7.1598321611801765
89cc639060f3d63cf21d893882e544497e32aeea,8.77150960221406
89cc639060f3d63cf21d893882e544497e32aeea,8.77150960221406
89cd14d1bb26c559102e9080a85ffa977cde7fda,7.13668225456526
89cd14d1bb26c559102e9080a85ffa977cde7fda,6.250522673827708
89d4e10b3c250c027e108d10ebc00bda239e7e39,4.175741649648563
89d4e10b3c250c027e108d10ebc00bda239e7e39,4.175741649648563
89fe8b96c04597a0fb63dca3a86e5f36e7580940,6.922224105815294
89fe8b96c04597a0fb63dca3a86e5f36e7580940,6.361150171993422
8a97d52d61d704e77f82fd7f1161d98054f48f25,8.251577598344506
8a97d52d61d704e77f82fd7f1161d98054f48f25,8.50962178426295
8ab396fa5981adcdc777254c57ea744f1fd4cd2c,8.696815289664162
8ab396fa5981adcdc777254c57ea744f1fd4cd2c,8.696815289664162
8aea6c59a11267f4143312770b4c84a2be56f353,7.166636233618572
8aea6c59a11267f4143312770b4c84a2be56f353,8.562099442289155
8b158f3040b574b6d08148e24946fba8bbdc29ca,5.235845770880324
8b158f3040b574b6d08148e24946fba8bbdc29ca,5.3795351419
8b2735093e532de21b7aabee43b9c76278bdd5cb,8.30245258655518
8b2735093e532de21b7aabee43b9c76278bdd5cb,7.320163263853648
8b3f8cb80815c489e6278cfc1a371b3bee3f6e1e,8.086387230161844
8b3f8cb80815c489e6278cfc1a371b3bee3f6e1e,9.45473991736836
8b43c7696dc13421431102cb4385363ee33513e0,7.511457138361107
8b43c7696dc13421431102cb4385363ee33513e0,7.511457138361107
8b557374000feae5ac9aee7b4078bfea53176ffc,7.884156254153802
8b557374000feae5ac9aee7b4078bfea53176ffc,7.257053257286388
8b65dcf807a9de0c95c0896919da04523176fab8,6.2226569779749665
8b65dcf807a9de0c95c0896919da04523176fab8,6.487104575929704
8beffc1494bb81af08c352aea875a183e45bd824,9.167190029254693
8beffc1494bb81af08c352aea875a183e45bd824,9.167190029254693
8bf27a767fce0a5fb359059183d06e01d62dca8c,5.0218705758255
8bf27a767fce0a5fb359059183d06e01d62dca8c,5.0218705758255
8c5d6de5fca9e769de9676c911d9e082ec1a9fb4,4.482157594741658
8c5d6de5fca9e769de9676c911d9e082ec1a9fb4,4.482157594741658
8c6976c873d2ab3f4af9188a4189c46a032a53d5,7.2435187508817265
8c6976c873d2ab3f4af9188a4189c46a032a53d5,5.914789853644594
8cf96ad1e77c722694ef03a06a781d61d632f2c0,8.121975324643865
8cf96ad1e77c722694ef03a06a781d61d632f2c0,8.121975324643865
8d0a196c1c472a4601384f4235f293c4a341b3a9,6.639001541618975
8d0a196c1c472a4601384f4235f293c4a341b3a9,6.639001541618975
8d14518288c33c098206996aab23c31b3eefc864,5.660957278702218
8d14518288c33c098206996aab23c31b3eefc864,7.616686670942605
8d65a433657534866907ca34885953c36951db06,6.774172047895789
8d65a433657534866907ca34885953c36951db06,6.774172047895789
8d811d7887c2c868b631a2bd296412bde2b49bae,7.079361771951142
8d811d7887c2c868b631a2bd296412bde2b49bae,7.079361771951142
8d9b19c2ff7d630d2d48932f3c1d35aaa97ad51f,7.038664939118113
8d9b19c2ff7d630d2d48932f3c1d35aaa97ad51f,7.038664939118113
8dada7632816cb20f182c306ae74184ea9e056fb,7.282096386546994
8dada7632816cb20f182c306ae74184ea9e056fb,7.282096386546994
8e20affd5aca29391f582b7dd756c83205297c11,8.265835647272816
8e20affd5aca29391f582b7dd756c83205297c11,8.265835647272816
8e3a076971fce919b1a5a0bc62dcef86264a1c24,8.592502124627721
8e3a076971fce919b1a5a0bc62dcef86264a1c24,8.592502124627721
8e5fc3c13f17c0502fe3f0a8404b461b46183f8a,7.7351178176166355
8e5fc3c13f17c0502fe3f0a8404b461b46183f8a,7.851208323192812
8ee77ba42fdd6aff7a9eaa84d70064c4cb39cdc2,7.311636434847288
8ee77ba42fdd6aff7a9eaa84d70064c4cb39cdc2,7.311636434847288
8ee958ba68793684a9962e1b60847d7b73d7c9d1,7.34207811627677
8ee958ba68793684a9962e1b60847d7b73d7c9d1,7.92849623032066
8ef999ab1a83c2760064ac6c7a4b6c4115c5a186,7.404953796547024
8ef999ab1a83c2760064ac6c7a4b6c4115c5a186,8.459723847844298
8ef9f17bb904f437ec0a9849d820ed0f86843517,7.678305585118557
8ef9f17bb904f437ec0a9849d820ed0f86843517,7.093890398626014
8f19ffb508b23f955b93ebd99153f8ec99025785,7.379069190410271
8f19ffb508b23f955b93ebd99153f8ec99025785,6.978653806710811
8f7402db46b9b2a95aaa8282be9e471a3ee659ba,7.494480375287201
8f7402db46b9b2a95aaa8282be9e471a3ee659ba,7.300562536690585
8fa7abd9421e396273c3571b177340434fc132f6,4.3399748702412335
8fa7abd9421e396273c3571b177340434fc132f6,4.3399748702412335
8fdb7157f90753735edf97fcc828b75e6a8042d6,7.98599244161875
8fdb7157f90753735edf97fcc828b75e6a8042d6,7.98599244161875
9038ddd6c0d498cb8c65b4510e99e8527eabd40c,8.619442169942017
9038ddd6c0d498cb8c65b4510e99e8527eabd40c,8.619442169942017
9081ee605de7c5e739569f3f829cba953cb918f4,7.272878235344617
9081ee605de7c5e739569f3f829cba953cb918f4,7.272878235344617
908365770c09838aa1bc1874bf3915779910e775,7.625287374920891
908365770c09838aa1bc1874bf3915779910e775,8.054256267479701
908ccf9bf5e0e7ab597a09fa19d91b1a5563b43b,5.9483387267160115
908ccf9bf5e0e7ab597a09fa19d91b1a5563b43b,6.673796903073416
909386947a62f62c8b94ddde0b623b87c01e2524,6.6071506333878975
909386947a62f62c8b94ddde0b623b87c01e2524,6.6071506333878975
90d54808ce52c41418550421c387818cae759dec,8.321915157937132
90d54808ce52c41418550421c387818cae759dec,8.460046136057466
911315669fafba0a06cdbf08da7cff7e81f49759,7.401655529825103
911315669fafba0a06cdbf08da7cff7e81f49759,7.401655529825103
911daa5a6058823b007274f35ba038da7ec89a11,9.062888492477295
911daa5a6058823b007274f35ba038da7ec89a11,9.314952090568124
911f5eafac3def56e71836d495b740cd059edbcf,8.04390461719768
911f5eafac3def56e71836d495b740cd059edbcf,8.04390461719768
913eb5b320c3f4b475e8064303960997b0dd7a9f,6.8497188035521726
913eb5b320c3f4b475e8064303960997b0dd7a9f,6.8497188035521726
9167062812b68b140da9de7f824ec6131ef31a01,6.618245149091532
9167062812b68b140da9de7f824ec6131ef31a01,6.618245149091532
917f1aba835e5d7e79fc124c1d7a3c8c2588cf8b,8.650119218765097
917f1aba835e5d7e79fc124c1d7a3c8c2588cf8b,9.100931280960403
91ccfc470d803af51ecbb91da39db5592e3a3324,9.426266306003658
91ccfc470d803af51ecbb91da39db5592e3a3324,9.426266306003658
91eb4058d0937eb5499d0f6b2a8dbae6f47eddf9,5.817439431934549
91eb4058d0937eb5499d0f6b2a8dbae6f47eddf9,5.817439431934549
91f7019ee1831ead0e667cf264dfe7be6b743f3f,8.386847137213362
91f7019ee1831ead0e667cf264dfe7be6b743f3f,8.386847137213362
920523a6f06947927c3d1b9c2c902fae6eb740a1,8.406331993551616
920523a6f06947927c3d1b9c2c902fae6eb740a1,9.09144839459086
921b990c548efb5620585b0fe3049ed43dfda903,6.351764668302519
921b990c548efb5620585b0fe3049ed43dfda903,6.351764668302519
92213400df98f5441533511526206328cdde4159,6.35977338918232
92213400df98f5441533511526206328cdde4159,5.559170606031409
927008a1eb1983b52fe269b504f398ca185603c3,7.878450592878179
927008a1eb1983b52fe269b504f398ca185603c3,7.64467973760577
9272bf390ef4a8e31a5285c14ec721495414c53a,7.820875167267074
9272bf390ef4a8e31a5285c14ec721495414c53a,7.820875167267074
92828f67b16f5e96ddb0d436aaa6f1193104c037,7.691747799354397
92828f67b16f5e96ddb0d436aaa6f1193104c037,7.698058670500683
92a1cd997867a6115b3d079903e63aba8dd214cf,8.847695700179333
92a1cd997867a6115b3d079903e63aba8dd214cf,8.847695700179333
92cea32d04d98c66af1c1366fe9811047a9b1cea,8.763415970365063
92cea32d04d98c66af1c1366fe9811047a9b1cea,8.83462491148133
92de4c1319bb3b07781b63801e4599302764dc5f,7.662661148828345
92de4c1319bb3b07781b63801e4599302764dc5f,7.662661148828345
92e2b243f8ca7bf1ce773bedf8205980f034ff05,8.442443822764046
92e2b243f8ca7bf1ce773bedf8205980f034ff05,8.35286467737509
92f51b59f25a16e76b18441fbe797a2fa2a5d3b5,9.496451061735959
92f51b59f25a16e76b18441fbe797a2fa2a5d3b5,9.496451061735959
934776ec5bd2147907362602555bd692fc56aab9,8.644072198715358
934776ec5bd2147907362602555bd692fc56aab9,8.644072198715358
93635a4013ec683f217cad90ca4e41aa557c3922,6.822687321080894
93635a4013ec683f217cad90ca4e41aa557c3922,6.822687321080894
93bda77bd8d32e4fa1a0549b76f807fbc22f1f7f,8.11890411287262
93bda77bd8d32e4fa1a0549b76f807fbc22f1f7f,8.11890411287262
943f8910b7d79d76726a7c50a996a39a00fb033b,5.734124647255256
943f8910b7d79d76726a7c50a996a39a00fb033b,5.001281070452299
945546f9d4db4b9599e57ffd4271193406f0d96b,5.439997532461499
945546f9d4db4b9599e57ffd4271193406f0d96b,5.244988329465969
947a2e7cf57ae1a546f98831d861cd87c4fd5ff5,7.743362637130334
947a2e7cf57ae1a546f98831d861cd87c4fd5ff5,6.437497087274762
948fbf59cd52083820e8e1682a5bc2a34793997a,8.981614087225521
948fbf59cd52083820e8e1682a5bc2a34793997a,8.981614087225521
94ec21d59f07c2091e0359a0085fa6c569ed30c4,7.851526120426886
94ec21d59f07c2091e0359a0085fa6c569ed30c4,7.851526120426886
950671c7855e25bf4a8330768cabc430bee030c9,8.46785211838667
950671c7855e25bf4a8330768cabc430bee030c9,8.46785211838667
951b5bb9ecd6593cecd2bd72fdf62a0785bd3b3b,8.35570238483049
951b5bb9ecd6593cecd2bd72fdf62a0785bd3b3b,7.941415941366533
952c0daa0b72620df1288d516f0a2abeb5b3986d,4.480627809345736
952c0daa0b72620df1288d516f0a2abeb5b3986d,5.40772292783596
952e48fc51ee7afbd972a8305c2f22a80ce9ce92,7.252887340809493
952e48fc51ee7afbd972a8305c2f22a80ce9ce92,7.252887340809493
95c2c72faa0bcedf9452be96511b7ab488754e77,6.719511468461457
95c2c72faa0bcedf9452be96511b7ab488754e77,6.719511468461457
96013c7ce1186c9a18f5127959bb867243b1b9f2,7.0313241659650405
96013c7ce1186c9a18f5127959bb867243b1b9f2,6.702350440781889
962de82430c78164a7c1cceffdfe31dd0f3c3cd3,7.49393454802906
962de82430c78164a7c1cceffdfe31dd0f3c3cd3,7.49393454802906
96d8f7656a57c4a757129d95863a463358a0c3ca,6.76485123786841
96d8f7656a57c4a757129d95863a463358a0c3ca,6.761517559773562
96ded661b95e3d4d3cf1c8d45aeae3b335224583,8.970548667666332
96ded661b95e3d4d3cf1c8d45aeae3b335224583,8.361949160712552
970dc7689a54be2108e10cf65af78d85288b64e9,7.784889412791551
970dc7689a54be2108e10cf65af78d85288b64e9,7.841820095889229
97469bc8eac2e4fd57266fa9821a50561a4d8473,7.042956272752226
97469bc8eac2e4fd57266fa9821a50561a4d8473,7.042956272752226
97983f3249349cfcb409b75d5f53e5cbab2bfa5a,7.2675686114176585
97983f3249349cfcb409b75d5f53e5cbab2bfa5a,6.9187343514840025
979ddec134899a31461a05d820b9d6cad713715b,6.1560281857271875
979ddec134899a31461a05d820b9d6cad713715b,6.53292799011826
980a5ef7011a98b8fa55e5ac3d7ebce6f7784286,9.090582764352588
980a5ef7011a98b8fa55e5ac3d7ebce6f7784286,9.090582764352588
980f92c1ca3d1d662e790e884a1bafb6785dfe45,8.179450638527134
980f92c1ca3d1d662e790e884a1bafb6785dfe45,7.732345713729408
9843de5b71377fd3392db81e3178e11bbe90d95c,6.684807098823327
9843de5b71377fd3392db81e3178e11bbe90d95c,6.689965849086791
9871e11a3a4574e6b565733fe3e565f13d670744,7.569429951062721
9871e11a3a4574e6b565733fe3e565f13d670744,7.569429951062721
987888aba1d68d84a51fcfef4131d649024e0aec,6.234740928836042
987888aba1d68d84a51fcfef4131d649024e0aec,7.487961943474276
98903e3bc03971360097ad809526370f701ef5f7,8.896560422029072
98903e3bc03971360097ad809526370f701ef5f7,8.896560422029072
98cafa82b3e7f1a3a179c62509778cf9290ca87c,6.764858098578814
98cafa82b3e7f1a3a179c62509778cf9290ca87c,6.15456972246894
9906fd2917a481b373848f6d084228f34ace63a4,7.3162754570812325
9906fd2917a481b373848f6d084228f34ace63a4,7.3162754570812325
99103791231143dd15aa77f2aeb87b2cd4a1c22e,6.926119797001094
99103791231143dd15aa77f2aeb87b2cd4a1c22e,6.926119797001094
9938999e257ea21c657f6c63ff386937544987aa,6.462247046562346
9938999e257ea21c657f6c63ff386937544987aa,7.324232416287129
994f5b5cdc8a126efbb290700caf797948ac1841,7.229535384776594
994f5b5cdc8a126efbb290700caf797948ac1841,8.384589799350318
99751d158308f801241e028eb7c6b0363fc6ec88,7.52733781539495
99751d158308f801241e028eb7c6b0363fc6ec88,7.52733781539495
9981528e7324f2d92c27f163b5d0424a07f94b67,8.187101954542985
9981528e7324f2d92c27f163b5d0424a07f94b67,8.23798211678096
99935e2b7f9f41bd823ece5418896aaf72e223fc,7.983886410269036
99935e2b7f9f41bd823ece5418896aaf72e223fc,7.983886410269036
999704c760821f39257d453f58ae57cdc5db7cee,7.258785206707193
999704c760821f39257d453f58ae57cdc5db7cee,7.38548850104845
9a20834c7ddbbf82eff849ff8e4f321b856970de,9.05963639588217
9a20834c7ddbbf82eff849ff8e4f321b856970de,9.05963639588217
9a31bbe1021725b074357ae4668bed6eb7e46bc1,6.488918671053522
9a31bbe1021725b074357ae4668bed6eb7e46bc1,6.038483478384708
9a5d7462df7a85794cd0d7d2c510ebf725d2e13d,7.032011149454082
9a5d7462df7a85794cd0d7d2c510ebf725d2e13d,7.032011149454082
9a6d7a470aab3fb51ab58261637c58c239ad804f,8.979588886806994
9a6d7a470aab3fb51ab58261637c58c239ad804f,8.979588886806994
9a7c94325cf12595e72895187822c354cd8ef458,7.829634334412566
9a7c94325cf12595e72895187822c354cd8ef458,7.829634334412566
9a8ad4a46036cc65da3ce25da0a1b9e70f979655,4.307097341369894
9a8ad4a46036cc65da3ce25da0a1b9e70f979655,5.735548142261195
9aace874af47927645c48f21ffeb82f8e15f24e1,9.254533321230737
9aace874af47927645c48f21ffeb82f8e15f24e1,9.254533321230737
9b0622ca034d946055f8590f554fde632487742f,7.80224845882164
9b0622ca034d946055f8590f554fde632487742f,7.80224845882164
9b4fd6bc9be128b294d3a8590bb6a146bc503902,7.428001355897376
9b4fd6bc9be128b294d3a8590bb6a146bc503902,8.011661980388796
9b536900fbffe20f4db747af055dec68b3ddb6ab,7.593551335337921
9b536900fbffe20f4db747af055dec68b3ddb6ab,7.487961943474276
9b6d776d82bca421eb10bc4a1f5f866af7fc2a3d,9.882219523358048
9b6d776d82bca421eb10bc4a1f5f866af7fc2a3d,9.835976647236487
9b788cef19b68860b4cba1f072cfc4744e6610b7,2.9625521588213672
9b788cef19b68860b4cba1f072cfc4744e6610b7,2.9625521588213672
9b9216e586500b4d619e331890d3745eea1176b0,7.878144111378125
9b9216e586500b4d619e331890d3745eea1176b0,7.878144111378125
9bbf52d74e4300842b27973d5e1d65a74c54c1b9,5.025021692662234
9bbf52d74e4300842b27973d5e1d65a74c54c1b9,5.025021692662234
9bc8e6286b7a331de79c4c4e868b806c0b3bb12a,7.867110835931625
9bc8e6286b7a331de79c4c4e868b806c0b3bb12a,7.867110835931625
9c03af1da21c500de8e0a1be24e3c22d341961ca,7.550829072693984
9c03af1da21c500de8e0a1be24e3c22d341961ca,7.487961943474276
9c4e901d499220d23e819ffe0156ef62c7bcfdbc,7.255632388445358
9c4e901d499220d23e819ffe0156ef62c7bcfdbc,6.525348921382138
9c59b505cc82ae66d54df9629666137c9527e56d,8.293294692983945
9c59b505cc82ae66d54df9629666137c9527e56d,7.966098387941156
9c8c8ca8e36d83954ecf380f84b01759c8363df6,6.230715371716095
9c8c8ca8e36d83954ecf380f84b01759c8363df6,7.3861607644529546
9cb2a2853cd6c58a9b7d07a87ef3138c3cf723b8,7.659412160092553
9cb2a2853cd6c58a9b7d07a87ef3138c3cf723b8,7.659412160092553
9cf17df2214b19cf4cd63df22b802afde8cb98eb,9.537333155844793
9cf17df2214b19cf4cd63df22b802afde8cb98eb,7.487961943474276
9cf5d1c0d7ddfd6b78c222e83894ca3a75ee47f2,6.730692487685674
9cf5d1c0d7ddfd6b78c222e83894ca3a75ee47f2,8.722188126376185
9d053bdf589efd451ff25e1977e438b11122e0fa,8.726608754137093
9d053bdf589efd451ff25e1977e438b11122e0fa,9.68653988006144
9d12b920015fc145b62c73ca689e71a362e33b35,6.0583933521584346
9d12b920015fc145b62c73ca689e71a362e33b35,6.0583933521584346
9d46769291771df99e8061cc9c5d79aacb087210,4.870988739016264
9d46769291771df99e8061cc9c5d79aacb087210,6.47264119445258
9d549d02a71100ae95cf02deb371138097549edc,7.9439294009370744
9d549d02a71100ae95cf02deb371138097549edc,7.9439294009370744
9d69c1d50467997289ee1396002cd197883a2b74,6.362680133960959
9d69c1d50467997289ee1396002cd197883a2b74,6.362680133960959
9d789185f1d5fb7bd42acd9d6dc1f5380fef1c4c,7.827930434513322
9d789185f1d5fb7bd42acd9d6dc1f5380fef1c4c,7.487961943474276
9d91374d67624389dacb4b429b8fa8c18442b29c,6.418637219226582
9d91374d67624389dacb4b429b8fa8c18442b29c,6.418637219226582
9db80a153d642e12571588fd68473c6e307195df,9.445029004213707
9db80a153d642e12571588fd68473c6e307195df,9.445029004213707
9de51c3306c206bfeaf41f4aafc8526300a9f103,8.683295516153454
9de51c3306c206bfeaf41f4aafc8526300a9f103,8.683295516153454
9deeecfc873e74ca5ef8b27fb6b22bf7a536ab86,5.629069744069334
9deeecfc873e74ca5ef8b27fb6b22bf7a536ab86,5.629069744069334
9e0457ac0f2824c5e725d83bdeee91ed078343b4,8.46755784705902
9e0457ac0f2824c5e725d83bdeee91ed078343b4,8.06106540362163
9e1f7de0fe95b78cc2236adb52b0420b382b40c3,7.068976755643676
9e1f7de0fe95b78cc2236adb52b0420b382b40c3,7.068976755643676
9e4c480f54169dd91629ec30917139f2b16bf6b3,6.5522281309296435
9e4c480f54169dd91629ec30917139f2b16bf6b3,6.5522281309296435
9ec1ac8c3d812703485bee8d58b2a81f4edc8754,8.147986069602338
9ec1ac8c3d812703485bee8d58b2a81f4edc8754,8.147986069602338
9ec591a707f8d7eaaa8b43b6faa23292511ffef3,6.307624739546389
9ec591a707f8d7eaaa8b43b6faa23292511ffef3,6.307624739546389
9eef5b76500d606c0ace08b9cd3ee9403e9e9664,6.795416275747102
9eef5b76500d606c0ace08b9cd3ee9403e9e9664,6.795416275747102
9f605b4802c811805adc38ae19035ded09a5e4b5,6.937137387960629
9f605b4802c811805adc38ae19035ded09a5e4b5,7.189585244085343
9f8f3fbc1f6d3f36859a33054203c55d028c6e65,5.92141765602948
9f8f3fbc1f6d3f36859a33054203c55d028c6e65,5.92141765602948
a05a86b21a7d5922fed8c50f36d307ed7a8cc70b,7.49804214141459
a05a86b21a7d5922fed8c50f36d307ed7a8cc70b,7.440571944978402
a05ee87ddc674ddf01518fe125eaeec0820ea53e,7.225347899582495
a05ee87ddc674ddf01518fe125eaeec0820ea53e,7.636480550038416
a07cb417ba30c0e4d8cc3831f093740ece8be01d,8.855886406071145
a07cb417ba30c0e4d8cc3831f093740ece8be01d,8.855886406071145
a0ec1fa9ef85571c363b1ff524a7bccd583b0ee2,5.172509696400921
a0ec1fa9ef85571c363b1ff524a7bccd583b0ee2,5.172509696400921
a10c5f4ba04fc56032719cc84184c0ad5b5f8446,6.907638717000681
a10c5f4ba04fc56032719cc84184c0ad5b5f8446,6.907638717000681
a11fcd52b2df310a3f3bf8e0561a2c587005e96d,8.198044822525103
a11fcd52b2df310a3f3bf8e0561a2c587005e96d,8.198044822525103
a130e19ad47a6849ba0261a7a81a8d9bb93f3a7a,7.9470602952601155
a130e19ad47a6849ba0261a7a81a8d9bb93f3a7a,6.752989766473475
a18783b2a14d61192a1b97ce3daca9e67cb8cd59,8.516919440714025
a18783b2a14d61192a1b97ce3daca9e67cb8cd59,8.004027601054862
a1b60c404f7df8f6f2695982048cac298567b821,7.938839667314014
a1b60c404f7df8f6f2695982048cac298567b821,7.98892116789163
a1d026f103e45011fefbfd9ddc32eedf16edd5f8,5.348003395900765
a1d026f103e45011fefbfd9ddc32eedf16edd5f8,5.348003395900765
a211065a6e065d2421b924d4e9314f1026611aa2,6.979672276902497
a211065a6e065d2421b924d4e9314f1026611aa2,6.979672276902497
a22a58c5be8aa2c2700619e37f2b7a6e4efa7e6b,9.46612922212126
a22a58c5be8aa2c2700619e37f2b7a6e4efa7e6b,8.968681782508911
a244f431e70a9d4c780ac6914b564d98c04ac7ff,6.3471989710179635
a244f431e70a9d4c780ac6914b564d98c04ac7ff,6.3471989710179635
a24729ea6c4aab24a9d6dc73513113e8b8fcf35c,6.663041164879909
a24729ea6c4aab24a9d6dc73513113e8b8fcf35c,6.663041164879909
a274dc9836c18bf295e9e81afecbdd72825ea79c,5.919683034623434
a274dc9836c18bf295e9e81afecbdd72825ea79c,5.919683034623434
a30f91cf4dd6e15b62a675de5087a6db82d61f51,9.86789509446043
a30f91cf4dd6e15b62a675de5087a6db82d61f51,9.86789509446043
a3748712b8685edb49cf966b7e662e1647503013,4.967400650883033
a3748712b8685edb49cf966b7e662e1647503013,7.487961943474276
a3c251eb71ac7769282f383672f19d3cf66f1b04,8.149488723848616
a3c251eb71ac7769282f383672f19d3cf66f1b04,8.232866063472516
a40402ff4c87721e74766e6751bb458653b3e686,5.639367242982136
a40402ff4c87721e74766e6751bb458653b3e686,5.870502464854779
a4a81c655f21aac65297532528cba5a28e8f5ab1,6.8149467576670695
a4a81c655f21aac65297532528cba5a28e8f5ab1,6.8149467576670695
a50e88cb6830931dd1271dfc49b3497d63bd436b,7.962344010354625
a50e88cb6830931dd1271dfc49b3497d63bd436b,7.962344010354625
a52c67c0bc1c6ae7da7c6e4d38cc7ac5a869ed39,8.162102889617668
a52c67c0bc1c6ae7da7c6e4d38cc7ac5a869ed39,8.162102889617668
a576ed0ff4b19b2c864b2c489227a491ac670b84,7.360433002621358
a576ed0ff4b19b2c864b2c489227a491ac670b84,7.360433002621358
a57d3a31b965e00aa208f4d499c0b3637f759838,6.836569842263657
a57d3a31b965e00aa208f4d499c0b3637f759838,6.836569842263657
a57e6a1dc883554789ef6049be9b51530a7aa207,7.663337854258077
a57e6a1dc883554789ef6049be9b51530a7aa207,7.7832929073687565
a593667aa30cd094ca66d70dbb5ee98fc64d38f0,4.985322188141216
a593667aa30cd094ca66d70dbb5ee98fc64d38f0,4.985322188141216
a5aef107fcfe6b7323ead96aed8ef74a69efe042,8.635169472426364
a5aef107fcfe6b7323ead96aed8ef74a69efe042,8.374539185386984
a5b034cb2c29d312a2e5475da6174e196cfc3c1b,8.881301712151126
a5b034cb2c29d312a2e5475da6174e196cfc3c1b,8.989635109499785
a5f22a73b7cb93619da1f3cbc56febec52b1c16e,6.4314814736422505
a5f22a73b7cb93619da1f3cbc56febec52b1c16e,7.379956914073803
a5fbdd306fbe3003283cf2cb7ae4c371c9693290,7.180477048630333
a5fbdd306fbe3003283cf2cb7ae4c371c9693290,7.180477048630333
a60f543d315ec120d2f433cdccc19342c9c3be02,8.181739982004235
a60f543d315ec120d2f433cdccc19342c9c3be02,8.369979743136799
a62742a35ef9194f7da07e547fe13f99bb6257bd,4.568624777581011
a62742a35ef9194f7da07e547fe13f99bb6257bd,4.568624777581011
a632e2659eb116c7514dd825ffaa8939365c71e2,7.546650816554379
a632e2659eb116c7514dd825ffaa8939365c71e2,7.546650816554379
a65549b33ec5839c95aa1e9c2e50f74685ad7cc5,7.062115576447642
a65549b33ec5839c95aa1e9c2e50f74685ad7cc5,7.062115576447642
a688299300a50fed79edb502fb02fc503a564308,6.154248983654759
a688299300a50fed79edb502fb02fc503a564308,6.154248983654759
a6bd1b3de6ceb8be610c33e3a0e4a89350700984,5.608426559986171
a6bd1b3de6ceb8be610c33e3a0e4a89350700984,5.608426559986171
a6f3201e19df0a0fdf0a3d878d6a8d2e50eefc70,8.718840049385461
a6f3201e19df0a0fdf0a3d878d6a8d2e50eefc70,8.718840049385461
a727c00002127704e5ae41a4a08948dc43b4aefc,7.603922534295543
a727c00002127704e5ae41a4a08948dc43b4aefc,6.209975897913226
a7442b91887824d182c90cd82955b97a1404dc21,4.901872852592394
a7442b91887824d182c90cd82955b97a1404dc21,4.901872852592394
a74f9942a4bf89bc51a259bdd7f5427f1ccc82f8,8.58606670430505
a74f9942a4bf89bc51a259bdd7f5427f1ccc82f8,8.938257638300664
a75958bf7ddea02d2c0d5a300c83abfe240f3552,9.972313016848922
a75958bf7ddea02d2c0d5a300c83abfe240f3552,9.972313016848922
a76e1891c401fc5f73f6942768488b1487533472,8.850321338422917
a76e1891c401fc5f73f6942768488b1487533472,7.61244324369594
a7e953186fda9e7bf8368e2d00a19d024f7db5c8,7.4768691478506195
a7e953186fda9e7bf8368e2d00a19d024f7db5c8,7.174667608395144
a819175c8808635fda7c3854536f82d90a7b31cf,6.9477299287371395
a819175c8808635fda7c3854536f82d90a7b31cf,6.9477299287371395
a832f98e370c27f9fbc8e0caec05700a96e89a4e,5.247158213402029
a832f98e370c27f9fbc8e0caec05700a96e89a4e,5.247158213402029
a90b8415afe8507a36e7be7511fd36f1045418b7,4.646369589790498
a90b8415afe8507a36e7be7511fd36f1045418b7,6.111380326522211
a94238b07de77bffd5189487ac3d56b96db7e09a,7.367306351577504
a94238b07de77bffd5189487ac3d56b96db7e09a,7.380702903923105
a9947ca4f64f3122a22c7827ae089d48db8fd76d,7.400862815440415
a9947ca4f64f3122a22c7827ae089d48db8fd76d,7.400862815440415
a99c3a5ba8f7e25ea61f79dd74cb89d6d8bf8a43,8.289493673113675
a99c3a5ba8f7e25ea61f79dd74cb89d6d8bf8a43,8.902963812422218
a99ed97ee0e4d81fc9a8a5a5baaba5407a897b84,5.471888202558039
a99ed97ee0e4d81fc9a8a5a5baaba5407a897b84,6.492738286251765
a9ccae25b9a8738fd3ce42dfb0fc5e92ca9b8d7f,7.483296065238979
a9ccae25b9a8738fd3ce42dfb0fc5e92ca9b8d7f,7.483296065238979
a9da415ddd0567c5995957b2239621158a4521f1,9.538491263603966
a9da415ddd0567c5995957b2239621158a4521f1,9.538491263603966
aa01429991aa756b651364d54b7b28c2bfeb6c3c,4.827451097796443
aa01429991aa756b651364d54b7b28c2bfeb6c3c,4.827451097796443
aa1696aba3e93761b292c97c68bb0e06bb2f537d,7.928810682331942
aa1696aba3e93761b292c97c68bb0e06bb2f537d,7.804181185886181
aa2166a08738eb1a62d78686cce70fc5572d0607,6.950528009704969
aa2166a08738eb1a62d78686cce70fc5572d0607,6.950528009704969
aa2288779d4ddfe46b3dcab170577d4f5096ab15,1.7247976371870024
aa2288779d4ddfe46b3dcab170577d4f5096ab15,1.7247976371870024
aa2ad4e1f1035826e6351e1e801eb57c0b494267,5.793795751621403
aa2ad4e1f1035826e6351e1e801eb57c0b494267,5.961097526847416
aa8508f6aa7e91da7efc770fc0e04c471463ffeb,7.50428130060514
aa8508f6aa7e91da7efc770fc0e04c471463ffeb,7.825511561736796
aa8e2b08e043c6d844c28cb004a224615af29e90,6.653566494992612
aa8e2b08e043c6d844c28cb004a224615af29e90,8.30474644030329
aa953585f60c1f5711c6d5159abbcaafcc89eb77,6.7391403323006935
aa953585f60c1f5711c6d5159abbcaafcc89eb77,7.068546069904737
aafa3b985fc5f4f1f6dbe50b8edc01713225dd2d,7.651765676638897
aafa3b985fc5f4f1f6dbe50b8edc01713225dd2d,8.65683690896045
ab2a1e43f425b67817553405c41c09a9bcb0e9c4,7.359554378861133
ab2a1e43f425b67817553405c41c09a9bcb0e9c4,7.359554378861133
ab4899d3252b533827ab7d15261b9edb38cf0a7a,6.500697807677749
ab4899d3252b533827ab7d15261b9edb38cf0a7a,6.500697807677749
ab4e0b5338de7292c155831c4bd68a740ae6d05f,2.582388242959836
ab4e0b5338de7292c155831c4bd68a740ae6d05f,2.582388242959836
ab7c842d24cac25a1a3852cce506ca92cb8ed428,6.304325902807903
ab7c842d24cac25a1a3852cce506ca92cb8ed428,6.304325902807903
aba3f0810ff4abb82c285780965735f59dffc070,8.893714944818697
aba3f0810ff4abb82c285780965735f59dffc070,9.165603265362668
abae080e558fbbcf25131d47ef3dbea697548f14,8.668176940999981
abae080e558fbbcf25131d47ef3dbea697548f14,8.668176940999981
abf736b0441172883ba772951733e73d557598ab,8.229333502523025
abf736b0441172883ba772951733e73d557598ab,8.229333502523025
ac018ab3a6242492006b3ca1e0c508abd1761538,8.743551670705838
ac018ab3a6242492006b3ca1e0c508abd1761538,8.743551670705838
ac164aef8492a4d178d0704b602f0522512dd913,7.905004246032356
ac164aef8492a4d178d0704b602f0522512dd913,7.437978039251689
ac6104bfab84b79b7ff1f01c576e2b7442988f38,6.552812208372463
ac6104bfab84b79b7ff1f01c576e2b7442988f38,6.706312079636261
ac6522ed2e2b8a808bb80970ccffcb6572183349,9.005578073855782
ac6522ed2e2b8a808bb80970ccffcb6572183349,9.309547315594472
ac7569c6eb788ec3ca408850d164b68f73bb148b,8.441713263797165
ac7569c6eb788ec3ca408850d164b68f73bb148b,8.441713263797165
accf49bc7124b7fdffea9e75a869a597c4e8adce,5.564520287716182
accf49bc7124b7fdffea9e75a869a597c4e8adce,5.564520287716182
ad03c4fb44da8b106e362ef8c65fe2bf34a385d1,8.025025049028047
ad03c4fb44da8b106e362ef8c65fe2bf34a385d1,7.9222906887245275
ad3d8c094d5606a8005bb22a4cf910e497a03224,6.669348631356211
ad3d8c094d5606a8005bb22a4cf910e497a03224,6.669348631356211
ad57f4feb3cdcdfbb77d4ccd074d9ca50227661d,8.471635157493614
ad57f4feb3cdcdfbb77d4ccd074d9ca50227661d,8.580004477082731
ad77e6368d86e38cbf14a33770ca16b204522863,9.088977974816896
ad77e6368d86e38cbf14a33770ca16b204522863,8.738683422508753
adc3882c435a390c34d34279b5528215928944df,8.962420806397615
adc3882c435a390c34d34279b5528215928944df,8.962420806397615
adcfbf9c58d92335f9b971f6a9afd19d9feab214,8.267005978462278
adcfbf9c58d92335f9b971f6a9afd19d9feab214,8.267005978462278
add17ba1901ea9804a604aeed6ebe191d784785d,4.864591640873769
add17ba1901ea9804a604aeed6ebe191d784785d,3.7945544137371985
add21f371c1ade0e82ccdacf7ce016dc151a6968,8.189078407747752
add21f371c1ade0e82ccdacf7ce016dc151a6968,7.541383339679828
add7a23a1b66010154da076a059216a13b90191a,7.869585087656362
add7a23a1b66010154da076a059216a13b90191a,7.487961943474276
addfbcc77f77c6c80cc3e55261cec181722e68cb,8.19222388066744
addfbcc77f77c6c80cc3e55261cec181722e68cb,7.4436798191053635
adf4cd4036fe7649e15bbc8379f224685017b379,4.57727323429774
adf4cd4036fe7649e15bbc8379f224685017b379,4.57727323429774
ae75c8309bea2f4a1b1624ce50d0994d5b4dc451,8.256884715338678
ae75c8309bea2f4a1b1624ce50d0994d5b4dc451,8.256884715338678
ae7e6756887c7c2d0e3d26bb83045d298dcb5ddd,8.406281053986548
ae7e6756887c7c2d0e3d26bb83045d298dcb5ddd,8.406281053986548
ae84ba8c1585fe80b8d2cc991a9cc4af2921a2a2,9.077403655100616
ae84ba8c1585fe80b8d2cc991a9cc4af2921a2a2,9.077403655100616
aeae992591ef4a9423528eb6029301cbd29daff5,5.89414714403024
aeae992591ef4a9423528eb6029301cbd29daff5,5.89414714403024
aef76b2d6bbd67cf3aac958965862b263c50d4e6,8.857964523000275
aef76b2d6bbd67cf3aac958965862b263c50d4e6,8.857964523000275
af124b723c6d0d777c60479978e8da661b34bc2a,9.112178627046346
af124b723c6d0d777c60479978e8da661b34bc2a,9.184072941652051
af12f06588c971f6425a28d61e4511bafff05bb7,7.844543019234094
af12f06588c971f6425a28d61e4511bafff05bb7,7.844543019234094
af618fc07f8f8c9e1697d7e8ce5cea9dd4ddee00,8.870499767009306
af618fc07f8f8c9e1697d7e8ce5cea9dd4ddee00,7.818528755372302
af744dfd0234f2b89d667f962f13cff1b5d0c9e0,8.527505404531418
af744dfd0234f2b89d667f962f13cff1b5d0c9e0,8.527505404531418
af8cb88c604c245257dfd33607bcb87cd357d3c9,7.508818906717941
af8cb88c604c245257dfd33607bcb87cd357d3c9,7.508818906717941
af99c21153a5cd9289febb0cc7d1f8cbee810621,4.460472117881796
af99c21153a5cd9289febb0cc7d1f8cbee810621,4.460472117881796
afc376cc4bc5460a941a5d21f91d19f159cdf490,7.603910336229627
afc376cc4bc5460a941a5d21f91d19f159cdf490,7.688455741566879
b002ea316ac314e47c6aceffd6583bd300962387,9.014319288368446
b002ea316ac314e47c6aceffd6583bd300962387,7.487961943474276
b03084cbf44b7fc100db518a5ff7ef7e9924c260,6.759747022122695
b03084cbf44b7fc100db518a5ff7ef7e9924c260,6.663023390793843
b041f9ef5ab6da232256530cf8e22c31ac99971d,9.198577002188621
b041f9ef5ab6da232256530cf8e22c31ac99971d,9.198577002188621
b0718e2faa64ff947c0ba9e9516616b44c8f4a5d,7.394536205167873
b0718e2faa64ff947c0ba9e9516616b44c8f4a5d,7.394536205167873
b0f303b4bc78b12a467c465db3b050425eadbf64,7.526664789356847
b0f303b4bc78b12a467c465db3b050425eadbf64,7.526664789356847
b1179b71e93f6ccfe9702cc342e53c5c04d2cf60,7.967848913805861
b1179b71e93f6ccfe9702cc342e53c5c04d2cf60,7.967848913805861
b11bdeda44addd99b9b0cdc016fcd27262b51fdb,5.7911810067513
b11bdeda44addd99b9b0cdc016fcd27262b51fdb,5.7911810067513
b11c7371190aaf26293afea3ba2146f21205f73f,7.997805702466562
b11c7371190aaf26293afea3ba2146f21205f73f,8.301188109920576
b152244728671db447c59ab0796fac9a423e1356,8.260500540646678
b152244728671db447c59ab0796fac9a423e1356,7.381289480579259
b1e8855867b91eadecefd05a09f101799008b8c7,6.466661039936721
b1e8855867b91eadecefd05a09f101799008b8c7,7.2235729025594235
b25340984452108c2928e20f412866a7dbf4646c,8.634209710445791
b25340984452108c2928e20f412866a7dbf4646c,8.634209710445791
b27862a2f9590331f29ffdc8f3648dec2a7a7d30,6.576804824280965
b27862a2f9590331f29ffdc8f3648dec2a7a7d30,6.576804824280965
b2a46e3625d075ff330baf8e18019e1af424bc62,6.200420246559856
b2a46e3625d075ff330baf8e18019e1af424bc62,5.9714244919459425
b2b334fbcfc12bdf6bba8dc45aa8ade3ddb746aa,5.820886849480486
b2b334fbcfc12bdf6bba8dc45aa8ade3ddb746aa,5.820886849480486
b2c520e7e4ea03898e0b8204fea068149d5535c8,8.603558807978294
b2c520e7e4ea03898e0b8204fea068149d5535c8,8.603558807978294
b392a38d92631885c3b63500548976ac63518da7,5.882638076023072
b392a38d92631885c3b63500548976ac63518da7,5.882638076023072
b3946c98c388b721854634038fbd1820a7ff046d,7.429235994335116
b3946c98c388b721854634038fbd1820a7ff046d,7.429235994335116
b3f68ef83acd623f98f4a03fc633905fb2a5b027,7.569530932945307
b3f68ef83acd623f98f4a03fc633905fb2a5b027,7.720441683704154
b459886eb6e03f683c364b338a5c2f4776391dbc,6.437363739294106
b459886eb6e03f683c364b338a5c2f4776391dbc,7.949513570990608
b45e8d507778dab56f381a681c453cbf4d3b4050,6.526416691924083
b45e8d507778dab56f381a681c453cbf4d3b4050,6.526416691924083
b4742d304d9cd4891aac3cedf5905676e9fcc9d5,9.089287558583479
b4742d304d9cd4891aac3cedf5905676e9fcc9d5,9.089287558583479
b51687ca4edcbe2376bc3204617227bceb0a52c0,7.8204026347957525
b51687ca4edcbe2376bc3204617227bceb0a52c0,7.8204026347957525
b51b95c923fbe5e4f47342faa554cacb44477016,6.33807739051845
b51b95c923fbe5e4f47342faa554cacb44477016,7.385668956122528
b52028ddeb0e0289019154f32e763393f83a30a9,7.311859377535788
b52028ddeb0e0289019154f32e763393f83a30a9,7.311859377535788
b56069b7f468c9cb3ff1ed8830af52d4e2fe60c0,7.764047439954972
b56069b7f468c9cb3ff1ed8830af52d4e2fe60c0,7.764047439954972
b6535907c852434b9243df7a0e65f04d688d049f,8.463333737538155
b6535907c852434b9243df7a0e65f04d688d049f,8.90225681373064
b68533a39390311fdd9ca8baced33145784eb561,7.800952143079671
b68533a39390311fdd9ca8baced33145784eb561,7.485951262661706
b6cb94c201726bd4e4dcadc007dba2c69933e0c1,7.096039392805665
b6cb94c201726bd4e4dcadc007dba2c69933e0c1,6.569866508244948
b6de7562a3dfc6522d1d9f86967f5159e3f2f090,7.414914783288968
b6de7562a3dfc6522d1d9f86967f5159e3f2f090,6.675218496418044
b6e252e4989b3b422d69eae06831ad0bfd396126,7.703405567385536
b6e252e4989b3b422d69eae06831ad0bfd396126,7.703405567385536
b7047722486e995e27292b5ab1945d72ab5a3708,7.490144288698953
b7047722486e995e27292b5ab1945d72ab5a3708,7.490144288698953
b722e6209f2858faf0bf80947cadcbde586bb666,6.560813724512999
b722e6209f2858faf0bf80947cadcbde586bb666,6.560813724512999
b7289b3b24fd67017ed82f62a889b4c9a0fb5ba4,6.042250986072037
b7289b3b24fd67017ed82f62a889b4c9a0fb5ba4,6.042250986072037
b7297bd49e99532695b6290f29fac82928f9e03d,8.003437949602636
b7297bd49e99532695b6290f29fac82928f9e03d,8.395553276533535
b7298b0fe50443a623af9b56792b330c2d052845,8.24665839623323
b7298b0fe50443a623af9b56792b330c2d052845,7.71923780608909
b729f209cdcbb802e5f6f16fd902793131660968,7.412693113496009
b729f209cdcbb802e5f6f16fd902793131660968,7.412693113496009
b72f0fecebc0120609eb4643631055b2e7a31fd7,7.364084483423341
b72f0fecebc0120609eb4643631055b2e7a31fd7,8.31852566728989
b75c5320a2ce606e7c46d1f82723e1e461f37a68,7.183944222389643
b75c5320a2ce606e7c46d1f82723e1e461f37a68,7.183944222389643
b7931b60e23916058a5767895b9214dac7a6515e,8.762332468020523
b7931b60e23916058a5767895b9214dac7a6515e,8.339014728938613
b7ea6b3de19afe8e98d52228dfcc3f3027f18891,8.489679767703626
b7ea6b3de19afe8e98d52228dfcc3f3027f18891,8.489679767703626
b80a4c674f6640d304722f4a92eb9b47345f1258,7.450159699078506
b80a4c674f6640d304722f4a92eb9b47345f1258,7.450159699078506
b8b78832d415b2137aaa400ec638ca3828510a71,8.607475666546554
b8b78832d415b2137aaa400ec638ca3828510a71,7.9444424136598295
b8e898c506ad360ead5d4fafe6651fadfed6645a,6.426534321854637
b8e898c506ad360ead5d4fafe6651fadfed6645a,6.426534321854637
b9cfcb9ade5f88679b72a7977c50eaca7170206b,8.30653083212534
b9cfcb9ade5f88679b72a7977c50eaca7170206b,6.9556708647422525
b9db6bc5ded963759b9a1db58adbaad3314169d6,7.046659777567833
b9db6bc5ded963759b9a1db58adbaad3314169d6,6.878555701172966
ba0b274a12a5891f98da7f012d4c757aeb822917,8.62400993397749
ba0b274a12a5891f98da7f012d4c757aeb822917,8.407352904242428
ba12c0a2cb367af0467e479c03507c71a805d291,8.149224354084746
ba12c0a2cb367af0467e479c03507c71a805d291,8.588748056897295
ba37558e4c84bdb5486d1b3622b0ac7ed3d5222d,8.327673398603935
ba37558e4c84bdb5486d1b3622b0ac7ed3d5222d,8.327673398603935
baa9b5294556d31b066df7e0dd8b1b0b1a8bb9f2,10.483958986727787
baa9b5294556d31b066df7e0dd8b1b0b1a8bb9f2,9.328502085754845
baae1f7bd8567b6f9e220cc863c92124fa71e1fe,8.32968787545736
baae1f7bd8567b6f9e220cc863c92124fa71e1fe,8.32968787545736
baccf806cbacabe5f3a91ecd093cf36b4db436a6,6.841219750779015
baccf806cbacabe5f3a91ecd093cf36b4db436a6,6.841219750779015
badea8134ecf83e912ac6628ec12465e227c1e6a,7.933700736055153
badea8134ecf83e912ac6628ec12465e227c1e6a,7.933700736055153
badf8b0a0c342afb7e1eecc4fb19feb7ed28e180,7.399231563081515
badf8b0a0c342afb7e1eecc4fb19feb7ed28e180,7.399231563081515
baf05c058d7a427783ab9bde33f38d55ae8ac0cb,8.957213222597865
baf05c058d7a427783ab9bde33f38d55ae8ac0cb,9.244365792026128
bb603e54f5809d802fec4c70df7b2c29a5125a89,8.514945719655314
bb603e54f5809d802fec4c70df7b2c29a5125a89,8.647828201892192
bb6bcc05d3ef04c14c73ce93dad8c9ea60f5297b,8.29086220782846
bb6bcc05d3ef04c14c73ce93dad8c9ea60f5297b,8.29086220782846
bb81a7f88631b987cd15c8d539e806ad17a5b664,8.576476574114416
bb81a7f88631b987cd15c8d539e806ad17a5b664,8.576476574114416
bba75421c48ff666a96646bd283072492fc712ea,7.21488601235664
bba75421c48ff666a96646bd283072492fc712ea,7.21488601235664
bbaeaab91cec9991b4747c8ca3fba0981bf68ad5,5.779317505916049
bbaeaab91cec9991b4747c8ca3fba0981bf68ad5,5.779317505916049
bbb7c8095658b847103c47aa2a4b55440b0e9ffe,8.369755941575612
bbb7c8095658b847103c47aa2a4b55440b0e9ffe,8.35398445103552
bbf7f2c725fe4c3e0eb56d29707437d1603b1c56,7.219939331100541
bbf7f2c725fe4c3e0eb56d29707437d1603b1c56,7.219939331100541
bc1f0dc5b937d54fa64e44c1e4e0de0e5a4724c1,6.392839602023114
bc1f0dc5b937d54fa64e44c1e4e0de0e5a4724c1,5.4538257995823045
bc54069a859b02cf1b00e7ab77d68132f9021c8e,7.578564385936033
bc54069a859b02cf1b00e7ab77d68132f9021c8e,7.728722369401731
bc8caaa2729aa0c9179e8d66388586a4a8586f20,8.415298487138383
bc8caaa2729aa0c9179e8d66388586a4a8586f20,7.9214133141292224
bca16481f37f3534abb04344ef1855b0e56140e3,7.250821641065679
bca16481f37f3534abb04344ef1855b0e56140e3,7.250821641065679
bd18fefd95851483c8aab15987fec421f92523fb,6.774060707860617
bd18fefd95851483c8aab15987fec421f92523fb,5.506852792169505
bd53f29596985f567c39329a8f8da5100810f0fd,3.142428227841756
bd53f29596985f567c39329a8f8da5100810f0fd,3.7933949751899445
bd81b591d06c4a726078a831c11516d6ee27541d,8.583094328201055
bd81b591d06c4a726078a831c11516d6ee27541d,8.583094328201055
bd9bd34617afb5bf1f3ff27e575c4df427ac32dc,7.363015891795563
bd9bd34617afb5bf1f3ff27e575c4df427ac32dc,7.9608221977970866
bda97a680a69285ab84aefb75abb53676e7f6b55,4.8231006308412745
bda97a680a69285ab84aefb75abb53676e7f6b55,4.8231006308412745
bdc3fba009b4d570355de5bfedfb6766746789ce,6.613611023613485
bdc3fba009b4d570355de5bfedfb6766746789ce,6.613611023613485
bdcfd5ee015db872058dc442ab9d3c72518366ff,6.38114686315985
bdcfd5ee015db872058dc442ab9d3c72518366ff,6.3096432366475295
bdefe60060197430834e27ee0ecc1d775f5e2b89,8.782061849605975
bdefe60060197430834e27ee0ecc1d775f5e2b89,8.782061849605975
be40efffa2a2ea77d3d2fb0cf1f8dd6a8da2b287,7.8204497431731
be40efffa2a2ea77d3d2fb0cf1f8dd6a8da2b287,8.062698745992133
be6f4f4f657c80883591c6749a7951f9c992e4b9,8.679654098997752
be6f4f4f657c80883591c6749a7951f9c992e4b9,8.679654098997752
be7b5a55c3a0343bda6a2a6ad09c5cfe8714b27f,8.610569953857105
be7b5a55c3a0343bda6a2a6ad09c5cfe8714b27f,8.731996927814404
bec0491f541a76e4fa31e17842bc573c812cb528,5.496297683066955
bec0491f541a76e4fa31e17842bc573c812cb528,5.496297683066955
bf22fb15bf51bc4bcf3d50f7494caad62a596d0e,7.733314456486206
bf22fb15bf51bc4bcf3d50f7494caad62a596d0e,7.489635669656203
bf9e4a55173e6e65b88bbf4f18744ea043b07ed6,4.41238445138568
bf9e4a55173e6e65b88bbf4f18744ea043b07ed6,4.41238445138568
bfb055d2c2ba396d5e6bd6022719b3ade1cd1407,5.901795108649067
bfb055d2c2ba396d5e6bd6022719b3ade1cd1407,6.050629703691313
bfe7f84ef78bc0134134fcb799465996fa84e4b0,8.064156484098994
bfe7f84ef78bc0134134fcb799465996fa84e4b0,8.064156484098994
c001ef5d0a98bae288e504e13db2f1d4533021f5,7.867754241432321
c001ef5d0a98bae288e504e13db2f1d4533021f5,7.867754241432321
c047e3345530b4b4634715536ac54cec9c756b66,8.196899539931557
c047e3345530b4b4634715536ac54cec9c756b66,8.671241881639222
c072621681c71501470509aeb1c51e3f9f98df5e,7.56403839284898
c072621681c71501470509aeb1c51e3f9f98df5e,7.56403839284898
c084f1399d2813131b70acb3920068a454cea6d5,5.448550456178539
c084f1399d2813131b70acb3920068a454cea6d5,5.9516208227832905
c096fc1d9c0ad8efae9cfd509f75522c50603692,8.33728568892591
c096fc1d9c0ad8efae9cfd509f75522c50603692,8.143679956934553
c0986547994c0c40ee739f045a02e1ce427ec132,5.983501639856762
c0986547994c0c40ee739f045a02e1ce427ec132,5.373856198361289
c0b8f55536e05f6da91c3b65ddfb69dc8daa12e9,8.855415624736292
c0b8f55536e05f6da91c3b65ddfb69dc8daa12e9,8.800195577884336
c0c13857d74703fa66da743d1d670bc2b9957f7b,8.627601377979026
c0c13857d74703fa66da743d1d670bc2b9957f7b,8.627601377979026
c0d3079f5b83f8962c439707b96c7ee43be2ca18,7.338406383554009
c0d3079f5b83f8962c439707b96c7ee43be2ca18,7.70555624034266
c1287b2f156f6963bdda82942a95288967e9422b,3.4092958734155565
c1287b2f156f6963bdda82942a95288967e9422b,4.282059818405029
c13d9b5245d8fc600da9390192908048857599ea,9.783863459042848
c13d9b5245d8fc600da9390192908048857599ea,8.907247257026135
c15e04639eb35379bc74fd289f38b1c9d21e2278,5.7214375698375
c15e04639eb35379bc74fd289f38b1c9d21e2278,7.578819867864296
c162ce77f4002856b569f63b1e2b58ccd6d961e2,8.686573889978986
c162ce77f4002856b569f63b1e2b58ccd6d961e2,9.010504720440956
c195c2ea359350b81a96211ccb40d03fb0501e7d,5.237641038782937
c195c2ea359350b81a96211ccb40d03fb0501e7d,5.237641038782937
c20545cf079fcd100052faf6db21ee865023525f,8.466545851189107
c20545cf079fcd100052faf6db21ee865023525f,6.5739770690139645
c21b13edbab3d247c8816a374ebb57ef71700952,6.939931607039282
c21b13edbab3d247c8816a374ebb57ef71700952,7.5785510605041235
c2660985c0dbf52fe68f7d3620fffa6ff8f2794f,8.089150914781694
c2660985c0dbf52fe68f7d3620fffa6ff8f2794f,8.089150914781694
c28a837bbc21a0b6ea686c34b12a7e6badbc9140,7.995689886117122
c28a837bbc21a0b6ea686c34b12a7e6badbc9140,7.995689886117122
c2ac862e74879f4b60191f0bb1397eff1e157c8b,8.379646034859297
c2ac862e74879f4b60191f0bb1397eff1e157c8b,8.379646034859297
c2ca84eba451533cc357b9c82cdc4c59227ee38d,7.077030239953208
c2ca84eba451533cc357b9c82cdc4c59227ee38d,7.077030239953208
c2da78b847fbfac6920b3c5a2086c79b3a2db8f7,8.187325987598335
c2da78b847fbfac6920b3c5a2086c79b3a2db8f7,8.29302600652645
c2dc9b42636e453c1ad8e7a5e490654d39dc303b,7.255065580993245
c2dc9b42636e453c1ad8e7a5e490654d39dc303b,7.255065580993245
c308727c618e21c478dba676bcea9d040d179f99,7.318974309473406
c308727c618e21c478dba676bcea9d040d179f99,7.35011541083231
c3127c3c92a3d510a78a5248b4e7fac50ab81e0b,8.728464509996199
c3127c3c92a3d510a78a5248b4e7fac50ab81e0b,8.728464509996199
c32840e4bedac9715b49ce3f04b3dedb98007cfe,4.79976141523548
c32840e4bedac9715b49ce3f04b3dedb98007cfe,4.79976141523548
c352dbabae85680f4ce4ebf67886666ce47edade,7.444621531241331
c352dbabae85680f4ce4ebf67886666ce47edade,7.444621531241331
c3635fc4a7b4545fc6df8dcad81f86d1e08c66cc,6.397466079036643
c3635fc4a7b4545fc6df8dcad81f86d1e08c66cc,6.397466079036643
c399382ea2553528d9b44a9aa6492cee7cf0b5c0,7.233699143612695
c399382ea2553528d9b44a9aa6492cee7cf0b5c0,6.807841843236874
c3bf932c28538beb5024e80bd06e09c44661c8f7,4.7653359200457555
c3bf932c28538beb5024e80bd06e09c44661c8f7,4.7653359200457555
c3e73d0362e2b21fae6edfcf518063e8a28b7b63,9.149777025809053
c3e73d0362e2b21fae6edfcf518063e8a28b7b63,9.421651482194134
c3fdd44aeb469416e4895afe4040e54eebc23db5,6.088535203883756
c3fdd44aeb469416e4895afe4040e54eebc23db5,6.421968720220946
c41c79391cd0c8816cebc9a0b4ef1fcc5c2e4018,8.39807926664172
c41c79391cd0c8816cebc9a0b4ef1fcc5c2e4018,7.9041472385727385
c4504ac02ad7e7e0c9ea3a1d78601374e483fc30,7.11946976021058
c4504ac02ad7e7e0c9ea3a1d78601374e483fc30,7.11946976021058
c45bf22121eaa2f37dfec2f58729d22394ea220a,7.099024147048814
c45bf22121eaa2f37dfec2f58729d22394ea220a,7.201989893642803
c484db51bb8e5e6218578a71ca541b135c2aa1ff,9.014056835914365
c484db51bb8e5e6218578a71ca541b135c2aa1ff,8.728107557573042
c4dc23da121e0654017198804449e35b2e9c2027,5.352518698701461
c4dc23da121e0654017198804449e35b2e9c2027,5.352518698701461
c4f595ca17b4c13287b0beec0dbd45d0e356055b,4.79976141523548
c4f595ca17b4c13287b0beec0dbd45d0e356055b,7.487961943474276
c52befc118a44669cbf7912b419dfc433c1c0eee,7.710473524676469
c52befc118a44669cbf7912b419dfc433c1c0eee,7.710473524676469
c52fc84d8cd2335788c472ff6fa6b3aaaa8f2252,7.952325970029449
c52fc84d8cd2335788c472ff6fa6b3aaaa8f2252,7.487961943474276
c5b963fdd21435b56c4cf55f49d652d92fc83093,8.911161951642303
c5b963fdd21435b56c4cf55f49d652d92fc83093,7.5458746138869355
c5d903eea354607809419b5e23c869ea16626a59,6.764975443047784
c5d903eea354607809419b5e23c869ea16626a59,7.13782192708946
c60be70309789b39355dc612f36e37090ccad5dc,7.918238253239063
c60be70309789b39355dc612f36e37090ccad5dc,7.918238253239063
c667e08eaa5cf47dba38ac81da9c185659db42c2,8.323638737370564
c667e08eaa5cf47dba38ac81da9c185659db42c2,7.487961943474276
c670d2529bab25c82fc7c3757cb11e7f2e404de8,4.230584389933423
c670d2529bab25c82fc7c3757cb11e7f2e404de8,4.230584389933423
c67df30ae6cf151f19df3e36d15f0361619ed47a,4.966343935180129
c67df30ae6cf151f19df3e36d15f0361619ed47a,5.41424937259775
c69dcaf9e10f52b187b13e678f9fe65505167720,7.889940315187543
c69dcaf9e10f52b187b13e678f9fe65505167720,7.282284940208153
c6b1b85455fc8ae7de258ff95875644d77f55254,7.902332792162175
c6b1b85455fc8ae7de258ff95875644d77f55254,6.724387334779902
c6e9fd605b75a5090b1879635a6db8da08b8a600,6.53967589809564
c6e9fd605b75a5090b1879635a6db8da08b8a600,7.327774617406864
c746678029d2139e7658a0f94e98bbf09f258673,6.797425915430141
c746678029d2139e7658a0f94e98bbf09f258673,5.743938553616591
c757c72ff79910b22c548daf9067d6a682bdbb4b,8.035166835148699
c757c72ff79910b22c548daf9067d6a682bdbb4b,8.035166835148699
c787e77b224890e7fdcc8e2ca0c0577657d98581,7.0823616080903085
c787e77b224890e7fdcc8e2ca0c0577657d98581,6.769578997111811
c8332f72a4f6049ef2f28e4a0fcbde9d142c8591,4.792186251947891
c8332f72a4f6049ef2f28e4a0fcbde9d142c8591,4.399586036543765
c846650d2b1b4a07f67e13c5aa56c15185f81f15,8.814471190616944
c846650d2b1b4a07f67e13c5aa56c15185f81f15,8.814471190616944
c87d4a1dca2349d1fbdff1c6d6a57708c1df793e,7.691759455013521
c87d4a1dca2349d1fbdff1c6d6a57708c1df793e,7.691759455013521
c8944ded19113906cf130904726028c5c1a11138,7.726394076858666
c8944ded19113906cf130904726028c5c1a11138,7.37343361721365
c8a8565f00553a00a5d510958dc8c40a4a477783,8.586431619617034
c8a8565f00553a00a5d510958dc8c40a4a477783,7.3708398763975636
c8bd30152ccbeebb18f9b1fedac0869f845980df,8.653996428592277
c8bd30152ccbeebb18f9b1fedac0869f845980df,8.653996428592277
c8d7193cba58a3bf26ba18f4ba5728c56ddcd4a3,8.255278631271402
c8d7193cba58a3bf26ba18f4ba5728c56ddcd4a3,8.945885989782262
c8ea10d959a7c782b45e6e83040472d432fa448f,7.013292759007597
c8ea10d959a7c782b45e6e83040472d432fa448f,7.013292759007597
c9c6d1fdb1bc64d7137f0fb7050e334cbb7c0f6e,8.373047368100375
c9c6d1fdb1bc64d7137f0fb7050e334cbb7c0f6e,8.373047368100375
c9c9df2ea1ddcc10cc57d4e1d92b2f8b33d94538,8.678005746199364
c9c9df2ea1ddcc10cc57d4e1d92b2f8b33d94538,8.678005746199364
c9d7b86399869ced995a6e467a257c3915339562,7.690248403474149
c9d7b86399869ced995a6e467a257c3915339562,7.667843144279016
ca01f93cb3384006f7af5de96bc25f924ad8bd14,8.362235951335482
ca01f93cb3384006f7af5de96bc25f924ad8bd14,7.551132934896047
ca3bb5c80bd96ba545e0a42232c6fcdb55f7106a,7.347389186929854
ca3bb5c80bd96ba545e0a42232c6fcdb55f7106a,6.4731539851858795
ca6829e71c271976a4eeae12cbba5e49f232da3e,8.425481441448117
ca6829e71c271976a4eeae12cbba5e49f232da3e,8.425481441448117
ca84b66fa8d2c26e91bcd21dea081bb062e51711,4.402747866506106
ca84b66fa8d2c26e91bcd21dea081bb062e51711,7.487961943474276
cac291a9658d7ef15e1ef0c71b188d96eec19ad0,4.4701432401903345
cac291a9658d7ef15e1ef0c71b188d96eec19ad0,4.4701432401903345
cb0f9c7be617b2bd18ae83ee9e85b621cabda67c,7.689690264637557
cb0f9c7be617b2bd18ae83ee9e85b621cabda67c,7.689690264637557
cb16d181d96fc8c94f8416437c059b5f0aabded1,5.552239843745068
cb16d181d96fc8c94f8416437c059b5f0aabded1,5.552239843745068
cb713a14e9dcf23999265a8826e204beb646626b,4.026496333710124
cb713a14e9dcf23999265a8826e204beb646626b,2.383833346385967
cb72cf616f3cafed458ef94be529c172bbcc5277,8.775581306305883
cb72cf616f3cafed458ef94be529c172bbcc5277,8.775581306305883
cb7cbbf59876001661704aca5fa8d70467f514a6,8.70028299242174
cb7cbbf59876001661704aca5fa8d70467f514a6,8.797018761718405
cbb7db3eb5270179fe8ebb9e73dde2c894c9a971,7.989260060500835
cbb7db3eb5270179fe8ebb9e73dde2c894c9a971,7.298934557761301
cc1f8f78f5ef5237c717194b38699b168c265513,6.668113140558569
cc1f8f78f5ef5237c717194b38699b168c265513,6.668113140558569
cc431fffd568a0d46d302233b4d71bd216fa94f3,7.830366197120245
cc431fffd568a0d46d302233b4d71bd216fa94f3,7.830366197120245
cc818564efabc759f8cfd2e978029ff6125406cf,7.318026134374624
cc818564efabc759f8cfd2e978029ff6125406cf,7.318026134374624
cc8edf9c827fef5ead4c85eabf96ca7033ddf165,7.7046819704499505
cc8edf9c827fef5ead4c85eabf96ca7033ddf165,7.7046819704499505
ccc7600e812ec5b6e75a9b4e2b04f00a48d1a9dd,6.624116168895618
ccc7600e812ec5b6e75a9b4e2b04f00a48d1a9dd,6.624116168895618
cd1c8085cc77aaebd3c527b4ecae7e9150ce0d77,9.017649567411995
cd1c8085cc77aaebd3c527b4ecae7e9150ce0d77,8.516896052681389
cd2b912e4a3d661cd4f500287d3bf1b4f444b7bd,8.302155511869541
cd2b912e4a3d661cd4f500287d3bf1b4f444b7bd,8.302155511869541
cd2cc30c2a3c6b967fc897beaeae9d3482163a21,9.682689590727348
cd2cc30c2a3c6b967fc897beaeae9d3482163a21,9.682689590727348
cd32daa7c1ff3ed117a127c9c185c1b53a396138,7.674550712244896
cd32daa7c1ff3ed117a127c9c185c1b53a396138,7.674550712244896
cd6862158d54e5c270e8d4bed99f73f32a721e14,7.381676619619376
cd6862158d54e5c270e8d4bed99f73f32a721e14,7.381676619619376
cdea6ad7a63edbcba925717a8c64328c255a0450,8.45463819508496
cdea6ad7a63edbcba925717a8c64328c255a0450,7.997191057891337
cdfb7ea46096b2a49dd710ef5dfe7bb354cda15a,7.711225349337818
cdfb7ea46096b2a49dd710ef5dfe7bb354cda15a,8.014730044215547
ce201bf315598feafcad345a663284bc266862c0,8.16679014401914
ce201bf315598feafcad345a663284bc266862c0,8.16679014401914
ce2f2072bf32af4582a24726936af34f88225213,8.9977094860712
ce2f2072bf32af4582a24726936af34f88225213,8.9977094860712
ce3ad9b28ad26a494e6a196c110ca405402f3e9b,8.249251274473743
ce3ad9b28ad26a494e6a196c110ca405402f3e9b,8.005780948591505
ce56b4a23981e6c9f70e87f087bc1be07fdf25cd,6.484142861374834
ce56b4a23981e6c9f70e87f087bc1be07fdf25cd,6.484142861374834
ce5a9a38579b80879f4de53eaab2d0083b685d62,8.50191009200093
ce5a9a38579b80879f4de53eaab2d0083b685d62,7.487961943474276
ce892387ba13c6b526d18de003b62c1bfe4c125f,8.533079987627595
ce892387ba13c6b526d18de003b62c1bfe4c125f,8.533079987627595
cee203ff00aaca3eaaef780ea6c4a68a3f8fd2fa,8.27873939153072
cee203ff00aaca3eaaef780ea6c4a68a3f8fd2fa,8.27873939153072
cee41e969faac5fdd054a726b10fb09228eb7061,8.205049608570702
cee41e969faac5fdd054a726b10fb09228eb7061,8.205049608570702
cf4bc843e5bd6ba302b1289af66f383b0329d6bf,7.313563894964485
cf4bc843e5bd6ba302b1289af66f383b0329d6bf,7.313563894964485
cf5422ab2f6793f4d5930d2901e652ed7dadac9d,8.133008377499076
cf5422ab2f6793f4d5930d2901e652ed7dadac9d,8.133008377499076
cf6788dceae33f7826997b7fa99b5189cff1aa4d,7.76471216245661
cf6788dceae33f7826997b7fa99b5189cff1aa4d,8.194628423821348
cf84076c807f395016eaee41297162276781b963,8.351692958937392
cf84076c807f395016eaee41297162276781b963,8.351692958937392
cf8a26a2ce3ac2cfd81a1050e73bdc7a4cd225e0,3.8736510475740413
cf8a26a2ce3ac2cfd81a1050e73bdc7a4cd225e0,3.8736510475740413
cfe62afe7795494a49cfaa46bdf17c38a3c0d284,7.227686554030005
cfe62afe7795494a49cfaa46bdf17c38a3c0d284,7.227686554030005
cfe97f961ec4d2fc578ef0aaf87f52c54a9aa181,9.02990628985124
cfe97f961ec4d2fc578ef0aaf87f52c54a9aa181,9.02990628985124
cff1765d7a97d3f012a354586ccfd49fdaf6aa44,7.875842354007585
cff1765d7a97d3f012a354586ccfd49fdaf6aa44,8.323996288785356
d023d3790457d12ac59581326aff1a396b206d09,8.267361180507214
d023d3790457d12ac59581326aff1a396b206d09,7.995017409026879
d0561a58b05777ad43db1e0627d8770d37c48d5e,7.07813478081719
d0561a58b05777ad43db1e0627d8770d37c48d5e,7.07813478081719
d06025e3b7e91bb8718335f7328466206060faee,7.79097412943138
d06025e3b7e91bb8718335f7328466206060faee,5.901760702910817
d08b1608a634fda68fd097f278ce9fd4ac24046a,6.433774793542199
d08b1608a634fda68fd097f278ce9fd4ac24046a,6.433774793542199
d0d3472fa981f90d8e6d036dea4bb627c73b6592,9.153725750405314
d0d3472fa981f90d8e6d036dea4bb627c73b6592,9.153725750405314
d0f28e44db91cce7caff1db428643300dfb3392f,7.537397528274321
d0f28e44db91cce7caff1db428643300dfb3392f,7.873809114269519
d11774bd10cd517b1cde216ca391e76efaf59b44,8.43803311464675
d11774bd10cd517b1cde216ca391e76efaf59b44,8.545690945876185
d11e42daac68288eea95d8923771a326e667b520,8.099366028292335
d11e42daac68288eea95d8923771a326e667b520,8.906963845550663
d13ea487552242f9c688d613dab06ea5b8a867a1,8.222393005868398
d13ea487552242f9c688d613dab06ea5b8a867a1,8.222393005868398
d1e238d8cc58ceae3359c94b2a4a976a975fc9ac,7.413066873320198
d1e238d8cc58ceae3359c94b2a4a976a975fc9ac,7.331953366158822
d20b8e96e5c520827768fe614961d0534c6f2680,8.658517062948413
d20b8e96e5c520827768fe614961d0534c6f2680,6.115574279674319
d2491eb9351f861cdcd439fd5d73883a6d681d6a,9.171411619517873
d2491eb9351f861cdcd439fd5d73883a6d681d6a,8.75021443154443
d28c344507f89c41df926794e0d5a96d10349014,9.618633273455346
d28c344507f89c41df926794e0d5a96d10349014,9.618633273455346
d2a2d2ee79d993c9821f176d9a248223ee59b3c7,8.346818914866944
d2a2d2ee79d993c9821f176d9a248223ee59b3c7,8.346818914866944
d2ef78c03149ddfd267005d0dcd248adcc227e02,5.671494022143981
d2ef78c03149ddfd267005d0dcd248adcc227e02,7.373120504864699
d37f552ad5c3e1e1c3fc9aebbea6cf50e1b9f334,8.254477124492096
d37f552ad5c3e1e1c3fc9aebbea6cf50e1b9f334,7.487961943474276
d3de05492e2353a5f3a80b5ea37a6de4651923fe,8.293420167702585
d3de05492e2353a5f3a80b5ea37a6de4651923fe,9.322411318100746
d4707fc4aa22e29062e02639a1b8c9f7ba3e6b65,5.795259607806958
d4707fc4aa22e29062e02639a1b8c9f7ba3e6b65,5.795259607806958
d4a08e7df54afbd81401faf2e0349e88ed7fc2d9,7.438907756422267
d4a08e7df54afbd81401faf2e0349e88ed7fc2d9,7.438907756422267
d4a5c57c98a9d8e16b1dd93042d22cc422772b0d,7.865302784110901
d4a5c57c98a9d8e16b1dd93042d22cc422772b0d,7.865302784110901
d4ca57e34b4e28a3a0c73339e0c72db036894d3a,8.222632238899461
d4ca57e34b4e28a3a0c73339e0c72db036894d3a,8.222632238899461
d5155526fe2b5c2b956687b34d478647ef6bd092,7.837486531165026
d5155526fe2b5c2b956687b34d478647ef6bd092,7.837486531165026
d5179819718a325ee33fa2096f37995ea6cfea8c,7.229901181497375
d5179819718a325ee33fa2096f37995ea6cfea8c,7.229901181497375
d525d6edf4b0c6362ddaa4814c3930a6a62bdc99,7.078180420539205
d525d6edf4b0c6362ddaa4814c3930a6a62bdc99,7.078180420539205
d57eca033aa6388430166086ed3d0390ffefa85d,7.485326051083482
d57eca033aa6388430166086ed3d0390ffefa85d,8.642111929042995
d5841f944022e9ef49bf6ac9b5546dd82ab2784f,9.573883692015094
d5841f944022e9ef49bf6ac9b5546dd82ab2784f,9.573883692015094
d5cc23d9ca216f0f8c6e5ada7c4e3284a3920958,5.6172994334767665
d5cc23d9ca216f0f8c6e5ada7c4e3284a3920958,3.635819410273884
d5e3e0d1ec5eae8e2fc08b9c3607cc766be6dffe,8.59232123962806
d5e3e0d1ec5eae8e2fc08b9c3607cc766be6dffe,8.59232123962806
d615e34b407b1816d1ae062d56a466c1d17b68ae,7.868649022781046
d615e34b407b1816d1ae062d56a466c1d17b68ae,7.321595311212931
d6515d627895751c832a3075053719da2f5e6cef,7.888190510722711
d6515d627895751c832a3075053719da2f5e6cef,5.344721902358212
d66918b05a4d978f6aa15979c85902d09babc898,8.203386333918793
d66918b05a4d978f6aa15979c85902d09babc898,8.203386333918793
d66c55f4502b462e88d4529dd6b4d167fd42d165,7.368480713215574
d66c55f4502b462e88d4529dd6b4d167fd42d165,7.368480713215574
d68718e7e9140ca136bf5e39efd7c122632ebba2,8.725315206172823
d68718e7e9140ca136bf5e39efd7c122632ebba2,7.274129902291484
d69d2c6bc916b8d054bd50f4270a1c6d8cca1426,8.178928061342905
d69d2c6bc916b8d054bd50f4270a1c6d8cca1426,8.375523451450782
d6f54f87ad964bd1cea20ffceea962f8b6236da3,8.491144017469223
d6f54f87ad964bd1cea20ffceea962f8b6236da3,8.399519498639295
d73a15bdcce722312152f547cec67e8dd584a6a8,9.183136051216973
d73a15bdcce722312152f547cec67e8dd584a6a8,9.183136051216973
d7a319cabc8e30b748e2beca44fc575fc83197d3,6.085267531535648
d7a319cabc8e30b748e2beca44fc575fc83197d3,6.400767230765431
d7af1840c8914a381ffae4617c33ab76833d9513,7.793732583467563
d7af1840c8914a381ffae4617c33ab76833d9513,7.793732583467563
d84468682013517fdcb3506ee81783dcbdf3bad4,8.96008975386378
d84468682013517fdcb3506ee81783dcbdf3bad4,8.96008975386378
d8550edf3efaf335a9648aec7584ab6acb55cf30,8.614579331965752
d8550edf3efaf335a9648aec7584ab6acb55cf30,7.201847298529826
d8ad4586476ab6240c0ec83f3c12cd4cc7a8f622,8.270467277270233
d8ad4586476ab6240c0ec83f3c12cd4cc7a8f622,9.22438050625086
d8cb6954aff8cc17b05a205c949f36b46493eb8b,6.981076939146316
d8cb6954aff8cc17b05a205c949f36b46493eb8b,7.448861918323031
d8cc02c7b6d2478b9f6d47664272c43801d6d9a9,8.355515913751848
d8cc02c7b6d2478b9f6d47664272c43801d6d9a9,8.355515913751848
d92840812393583b0f053de80ecee59f5b19bc03,9.399891437798598
d92840812393583b0f053de80ecee59f5b19bc03,9.438374862228155
d94808bbe3e5b3ffc39c8d68e0eed70929c70762,7.339589476249927
d94808bbe3e5b3ffc39c8d68e0eed70929c70762,7.339589476249927
d982afe8253215b9a75464a85bb061d5d5f7975a,8.23630569946845
d982afe8253215b9a75464a85bb061d5d5f7975a,8.23630569946845
da37e77368c2bd5a7a9792749fd6ed83e05e2515,8.706316535291487
da37e77368c2bd5a7a9792749fd6ed83e05e2515,8.706316535291487
da7fa747f59ca321b48b414b2f884d027bc961f8,7.162386312355099
da7fa747f59ca321b48b414b2f884d027bc961f8,7.162386312355099
dace1e5b88ac51d7bd53523ad70f8d5d188b9368,8.46267526885903
dace1e5b88ac51d7bd53523ad70f8d5d188b9368,7.642112593012234
dade8cdd2806e1efa138e68d984abd0ab1c87ced,8.238672580498472
dade8cdd2806e1efa138e68d984abd0ab1c87ced,8.238672580498472
dafd07b7aab7dad9894cee44cad55efc89255614,8.119934442866441
dafd07b7aab7dad9894cee44cad55efc89255614,7.835060221987731
db4c010c135d84c00fee816a085360bca2537594,8.548143869266333
db4c010c135d84c00fee816a085360bca2537594,8.181365712218424
db5924e7ed00c9136308999827d50dbcecae5091,8.08096167188578
db5924e7ed00c9136308999827d50dbcecae5091,6.348404879069778
db7c4fbff4eaf7b21678b8b053a0c3dcd74dd2b1,8.931689409250616
db7c4fbff4eaf7b21678b8b053a0c3dcd74dd2b1,8.534380222721019
dbb0e3f3c32292438fbd39684d9f1ad153bba64a,9.465146873243505
dbb0e3f3c32292438fbd39684d9f1ad153bba64a,9.130456242837068
dbc27d6c8a04413d73a885a7b2c2d8db605504fe,6.262965127417189
dbc27d6c8a04413d73a885a7b2c2d8db605504fe,6.262965127417189
dc5325f05ad384cacb2431acfa1f398913151afb,7.514572498904856
dc5325f05ad384cacb2431acfa1f398913151afb,7.514572498904856
dc87f8c4ae8953d2d0bcaf1a08239547d77cdee8,8.274411604615358
dc87f8c4ae8953d2d0bcaf1a08239547d77cdee8,8.274411604615358
dcf7777f614c11ed45f8ff82f2c44d7dd15889af,6.460318564013827
dcf7777f614c11ed45f8ff82f2c44d7dd15889af,6.42959965620376
dd98462b95687767f50edcdc4758ff5237c0bcff,8.806818803299477
dd98462b95687767f50edcdc4758ff5237c0bcff,8.536313084268398
ddc549a4ced606b9181bc2e6e0bb75824fc20f70,8.925825566353458
ddc549a4ced606b9181bc2e6e0bb75824fc20f70,8.925825566353458
ddffb03cf0301334f5a2f89626640fa8812bde5c,9.264698110463376
ddffb03cf0301334f5a2f89626640fa8812bde5c,9.264698110463376
de163edff457321dc540b375c7b316c7f9fe73cf,7.630149237796086
de163edff457321dc540b375c7b316c7f9fe73cf,8.756031432413106
dea33f83f3cd94f54f1063a0cd22eab07ec8d3cd,7.1345507214390915
dea33f83f3cd94f54f1063a0cd22eab07ec8d3cd,7.1345507214390915
defaf0c38d68f9958bd180e1a709f130a999b2e6,7.076721754630492
defaf0c38d68f9958bd180e1a709f130a999b2e6,6.990111855541366
df15664e980175f8ee9ea6687b81c59f3139406f,6.442096817475691
df15664e980175f8ee9ea6687b81c59f3139406f,6.442096817475691
df17da01944f34b2a6b59e8d45407c1297f9834a,8.396336727391793
df17da01944f34b2a6b59e8d45407c1297f9834a,7.593788524318559
df1a661311bcb75b3b3c258c46ab75819bd6d249,7.141611106703767
df1a661311bcb75b3b3c258c46ab75819bd6d249,7.141611106703767
df42fc345b50f42b32dc5f9df420978b1cda663d,8.978414227299897
df42fc345b50f42b32dc5f9df420978b1cda663d,8.978414227299897
df8fb59599b421d91967aa7d053fa72e91e4f6fb,9.25298160630312
df8fb59599b421d91967aa7d053fa72e91e4f6fb,8.842923004199536
df90d9da415c30c25a16e21ca85638577961e81b,8.804042983010797
df90d9da415c30c25a16e21ca85638577961e81b,8.804042983010797
df9e2c6cfb6035fa5b26af3b101bacf64e95e913,6.543897663788182
df9e2c6cfb6035fa5b26af3b101bacf64e95e913,7.40620700816639
dfc34f90e58f60b101c824e10d74b8ad0c46a2cf,7.217252015455001
dfc34f90e58f60b101c824e10d74b8ad0c46a2cf,7.217252015455001
dfdeea1cf0b4fb6c906a25d99aa5756efe14c996,8.792535140747093
dfdeea1cf0b4fb6c906a25d99aa5756efe14c996,8.937759424718363
e036815d3a8d88224e7e8a95c64ca031dd5b205f,6.908486728435557
e036815d3a8d88224e7e8a95c64ca031dd5b205f,6.908486728435557
e04a53abed6db648ac01e162aad84ef8b608365b,6.591052575211918
e04a53abed6db648ac01e162aad84ef8b608365b,7.42066869927926
e07c3edba3602b0d172c2db763539dfa9819027c,8.741880461443252
e07c3edba3602b0d172c2db763539dfa9819027c,8.77172178222302
e0850b1bd8f8de58096da128ec94efbdf5f05ca8,8.258511394852254
e0850b1bd8f8de58096da128ec94efbdf5f05ca8,8.08727172661847
e105dc9d8869af3a83704a5d048424441ce4ad01,5.636039847735907
e105dc9d8869af3a83704a5d048424441ce4ad01,5.636039847735907
e13e39c815ec66160db3c75b7331dc1a0dd1d4ce,7.994201884033702
e13e39c815ec66160db3c75b7331dc1a0dd1d4ce,7.080279765290886
e15002a49ed03188f18c7a791c458c19d1ec973a,8.474915316363514
e15002a49ed03188f18c7a791c458c19d1ec973a,7.428657257472798
e1d3226bcfad8043e69d31f3d76e719c7f041d3e,9.866670598997224
e1d3226bcfad8043e69d31f3d76e719c7f041d3e,9.866670598997224
e20abeea371227f8a6318491ca3c0211afbdc1a1,7.255906326706551
e20abeea371227f8a6318491ca3c0211afbdc1a1,8.429920447211805
e25991f3bf474e9b542b09aef2407a78f3ffc61d,4.287569326805743
e25991f3bf474e9b542b09aef2407a78f3ffc61d,4.287569326805743
e2670654203c6b5aa850edf95ea9e293939963fd,7.578221411730851
e2670654203c6b5aa850edf95ea9e293939963fd,7.576015343122007
e299749491b5a979701f0dedd4467ed53aaf7c7c,6.848603510163681
e299749491b5a979701f0dedd4467ed53aaf7c7c,6.363768799590104
e2d88e3ad6275b7eca2bff120e467f9158b29fc5,7.494179504009988
e2d88e3ad6275b7eca2bff120e467f9158b29fc5,7.494179504009988
e2ed5ffddf1e60198f9f138810f84b7107ca0561,5.143290482617809
e2ed5ffddf1e60198f9f138810f84b7107ca0561,5.143290482617809
e3919de46ecd1f707451dad4a1ac88e5b7403f11,7.622910730812671
e3919de46ecd1f707451dad4a1ac88e5b7403f11,6.077855457969104
e3b9460f9a4bd3f4a5243f388246084f41e0dab2,7.555657080885697
e3b9460f9a4bd3f4a5243f388246084f41e0dab2,7.555657080885697
e3c9abe5680cb3851ac38d00a01c46f58b6aaaeb,7.474780685951016
e3c9abe5680cb3851ac38d00a01c46f58b6aaaeb,7.474780685951016
e40337a34c269120bffcc76e69700d06f6d716ce,7.459124504248923
e40337a34c269120bffcc76e69700d06f6d716ce,7.041981621113911
e45204eccdaf94faa580c54b1fe1289c97b1f56c,4.268361869499397
e45204eccdaf94faa580c54b1fe1289c97b1f56c,4.268361869499397
e460fd665c3f541f48ac4503abf2e90b9bbb3b94,8.745182648607548
e460fd665c3f541f48ac4503abf2e90b9bbb3b94,8.745182648607548
e4935a868e50ec1951f892af50e2f5886c935919,5.721243005627654
e4935a868e50ec1951f892af50e2f5886c935919,5.721243005627654
e58eaf39ea458008043bd1472f267706524f1fc2,6.142208119120297
e58eaf39ea458008043bd1472f267706524f1fc2,6.142208119120297
e594aa5283c8b2076ece870504b4b6b2e9c29ca9,6.69875737717466
e594aa5283c8b2076ece870504b4b6b2e9c29ca9,6.69875737717466
e621f4d6991a537e4508648aa4c3fc278091ec1d,7.666748047952479
e621f4d6991a537e4508648aa4c3fc278091ec1d,8.045605817219743
e63a9cdc387a31ea563ecc24b20eb824a8c54ebb,7.365915140974935
e63a9cdc387a31ea563ecc24b20eb824a8c54ebb,8.230407215310338
e659bb37740950badc7fac606f227ba5f74fa866,4.100945111374885
e659bb37740950badc7fac606f227ba5f74fa866,4.100945111374885
e65a627881df5d3e0bfad77c56221d858da5ead0,7.5281300638208695
e65a627881df5d3e0bfad77c56221d858da5ead0,8.226144730497847
e67fff49031a4f2699f10d6a2dd89b4cafc70323,9.925496082239778
e67fff49031a4f2699f10d6a2dd89b4cafc70323,9.518239140879945
e6900f649459ddbd9ee38b93582378162c8d77ac,6.533469135090935
e6900f649459ddbd9ee38b93582378162c8d77ac,6.533469135090935
e73e06dbdc983d0a3ccccdf754b85603dd0818e7,7.42965500987087
e73e06dbdc983d0a3ccccdf754b85603dd0818e7,7.42965500987087
e7b94e593e93b6fe31083393cff1d63ca2142b64,5.941504395475003
e7b94e593e93b6fe31083393cff1d63ca2142b64,5.941504395475003
e7cef9ca74dbf2dc906e3216004a1b5e6a96e241,7.900794018584856
e7cef9ca74dbf2dc906e3216004a1b5e6a96e241,7.900794018584856
e7d0678e66dad824da63837b53bb0bb38a571f42,8.225890559130173
e7d0678e66dad824da63837b53bb0bb38a571f42,8.225890559130173
e816ed48800359bfd078c1444a40e00be6fbb5bf,6.945923787842455
e816ed48800359bfd078c1444a40e00be6fbb5bf,6.945923787842455
e8335df6f0ac481c6ac16096889c51cb95ab2f6c,8.8750308680205
e8335df6f0ac481c6ac16096889c51cb95ab2f6c,8.8750308680205
e85a79ca1bb1f59951efb5c25e40e0ee73985cdb,7.370067735451195
e85a79ca1bb1f59951efb5c25e40e0ee73985cdb,7.370067735451195
e85a95e2eddbdafe7db54351ce3680933e09d0a3,6.742910928969299
e85a95e2eddbdafe7db54351ce3680933e09d0a3,6.742910928969299
e873b044ecba72370076d7fe198eeaad94bef3a1,5.100654941941268
e873b044ecba72370076d7fe198eeaad94bef3a1,5.100654941941268
e89a4f1825ece62064e95e63475769011258af36,8.812378835082509
e89a4f1825ece62064e95e63475769011258af36,8.812378835082509
e90cd427d5e229999107e56e3f06953f3108635a,7.408183871573464
e90cd427d5e229999107e56e3f06953f3108635a,7.408183871573464
e92f3d3e5a00b7767c239cac14b6d9fe92d5ef9b,6.967770258359265
e92f3d3e5a00b7767c239cac14b6d9fe92d5ef9b,8.770631589177372
e95d7442ab6fb642a8c3529ef2fc8aa25a774e13,8.543917493221127
e95d7442ab6fb642a8c3529ef2fc8aa25a774e13,9.304721700631662
e99d4fb3ef87d5e201da3b08841541fd953af089,6.726088522328895
e99d4fb3ef87d5e201da3b08841541fd953af089,7.850121447129229
e9a8e1a87eb55c0dc1787fcaed22be98d9cc1ed0,6.528257473819375
e9a8e1a87eb55c0dc1787fcaed22be98d9cc1ed0,8.078226612598186
ea0a8f0b0b712337c3740e6ad5293f3dc47db568,6.677366382499976
ea0a8f0b0b712337c3740e6ad5293f3dc47db568,6.798753484656453
ea2f8736bbf1d859fb5b46f848db37f421181bd4,2.513938047326171
ea2f8736bbf1d859fb5b46f848db37f421181bd4,2.513938047326171
ea385e57f5d3d6841a6997dd7af680e135928bca,5.8776492739076955
ea385e57f5d3d6841a6997dd7af680e135928bca,5.824028256098086
ea55b410ce0e38664c6597e4bfa09fce84399461,7.627875603971585
ea55b410ce0e38664c6597e4bfa09fce84399461,8.305050512737255
ea7332c6a62cada8a8e85200ddb71fed941ce876,6.820306065116314
ea7332c6a62cada8a8e85200ddb71fed941ce876,6.820306065116314
ea79d40b446a3660b4d0b01e53fc4a14bc18f60e,6.317736184562759
ea79d40b446a3660b4d0b01e53fc4a14bc18f60e,6.317736184562759
ea8f19a7914d05412dc4159108d93d42a675e2e8,5.192923070467965
ea8f19a7914d05412dc4159108d93d42a675e2e8,5.192923070467965
eaad1484ffa24b01432fa3564a8635bda0b4c34c,7.363576905289623
eaad1484ffa24b01432fa3564a8635bda0b4c34c,7.363576905289623
eadbb37222d32232022838b7765dea96bf38e0f6,7.531983038212614
eadbb37222d32232022838b7765dea96bf38e0f6,7.531983038212614
eaf60b6a377c720fa7a13f97831f38531047a217,8.34814130110674
eaf60b6a377c720fa7a13f97831f38531047a217,8.34814130110674
eaffaa19471bbf9bba8fa5808dd0904474089ae7,8.133835278226405
eaffaa19471bbf9bba8fa5808dd0904474089ae7,8.4961366133985
eb001120a0f842e5bbfd786652695628bd65090c,8.44802992166478
eb001120a0f842e5bbfd786652695628bd65090c,8.44802992166478
eb2a090421ba380ba6c0a8119510e031bc4e55ea,9.810501717918358
eb2a090421ba380ba6c0a8119510e031bc4e55ea,8.301577328696622
eb451c65ea210bed6af798282c2c6205c79f71fd,8.059501366870627
eb451c65ea210bed6af798282c2c6205c79f71fd,8.059501366870627
eb46bad8df84ccc42fb7bc9cc3a218247777367e,7.967804193693977
eb46bad8df84ccc42fb7bc9cc3a218247777367e,7.967804193693977
eb7470e41cb0d50314e9755be518f55b093a4975,7.933744951762457
eb7470e41cb0d50314e9755be518f55b093a4975,6.684742045909695
eb83b2280e41f55da33ed81e62d7b8ebba9a93f8,7.351154022164206
eb83b2280e41f55da33ed81e62d7b8ebba9a93f8,8.009688686969222
eb870373b64f0be961f503936f7a725fca60fb32,7.3360891832212625
eb870373b64f0be961f503936f7a725fca60fb32,8.038163972896003
ebdfeac0c48444c5f4fd377145b2d97e12c78cac,1.490905095984778
ebdfeac0c48444c5f4fd377145b2d97e12c78cac,1.490905095984778
ebe0702c8a0d906044fbc61cf18d3f8dc9aacef9,8.307504591608964
ebe0702c8a0d906044fbc61cf18d3f8dc9aacef9,9.193318898257669
ec62a3c21a4a116991338ac88863dff35157a1a7,3.5586055620993986
ec62a3c21a4a116991338ac88863dff35157a1a7,3.5586055620993986
ec7d2ce8cce8253208e8d0ae74991b46ce2eadf0,6.244656798714701
ec7d2ce8cce8253208e8d0ae74991b46ce2eadf0,6.244656798714701
ecd66b9bbdcc6ae1eb9a6b765868cba3601730b6,7.19162658885405
ecd66b9bbdcc6ae1eb9a6b765868cba3601730b6,8.72850014042306
ece9b75bda9d53b5a67f7bb53b5635a3df017020,7.706502921024308
ece9b75bda9d53b5a67f7bb53b5635a3df017020,7.706502921024308
ed3e0c98995edeee0b0a55fe15929a82097e93fe,7.211095238768487
ed3e0c98995edeee0b0a55fe15929a82097e93fe,7.569833955449461
ed6c052a16794cf2376b1497c505b438e9af69b6,7.814775546415576
ed6c052a16794cf2376b1497c505b438e9af69b6,7.814775546415576
ed8ffb58d172827f17d1abead83d9b8c44b554df,2.037860982212684
ed8ffb58d172827f17d1abead83d9b8c44b554df,2.037860982212684
ed9eaeb6a707f50154024b24d7efcb874a9795dd,7.667998785214587
ed9eaeb6a707f50154024b24d7efcb874a9795dd,6.479700510224589
eda32ee9ebe79ae7f85927db19cadc6199752dfd,8.84283576632788
eda32ee9ebe79ae7f85927db19cadc6199752dfd,8.84283576632788
edc5737211dd036ad81985e117aea3ab9cbc030a,7.693097841472475
edc5737211dd036ad81985e117aea3ab9cbc030a,7.693097841472475
edc641c842df448a70ce315e00b6dd4461a260a9,8.556133306574386
edc641c842df448a70ce315e00b6dd4461a260a9,8.655530008678245
edcb11b4746d7b8056929a37a11e81b0fe3202c9,8.082819045232586
edcb11b4746d7b8056929a37a11e81b0fe3202c9,8.96593857169275
edd78ffaa7bc16d94ee6908b98b3d9863f492c89,8.417245719877496
edd78ffaa7bc16d94ee6908b98b3d9863f492c89,9.270808017198796
ededd47b1e0c18d4af4ad2b0cc21eebcb7c6e6b9,6.796534820171607
ededd47b1e0c18d4af4ad2b0cc21eebcb7c6e6b9,6.796534820171607
ee30201b0b1261fcb6cf010787990ec87343d300,6.234740928836042
ee30201b0b1261fcb6cf010787990ec87343d300,7.487961943474276
eee2c3c453eb64f9c327f09e83be35ef36528101,6.795403675653864
eee2c3c453eb64f9c327f09e83be35ef36528101,6.598876811623048
ef02ce9a2a904477907fe9135cdcbf1652180d31,6.685884922669475
ef02ce9a2a904477907fe9135cdcbf1652180d31,7.580680888533019
ef070fa973803bec505aeb6230acdd7a917e2a59,8.733247964254486
ef070fa973803bec505aeb6230acdd7a917e2a59,8.733247964254486
ef5d4cc5cd7a9d46f3e31572d97bd52423bae4e0,5.909415555798534
ef5d4cc5cd7a9d46f3e31572d97bd52423bae4e0,5.909415555798534
efcf2fbf26e74d0af378d96a168c8cdc05c42a84,8.0797087927125
efcf2fbf26e74d0af378d96a168c8cdc05c42a84,8.0797087927125
f01795183fd859bc35b074c06fd58b5e6623fb03,6.512281954038968
f01795183fd859bc35b074c06fd58b5e6623fb03,5.9986014121772255
f01bb96987327c1dfec6ddbc980cfd85650f20d6,7.143243213755737
f01bb96987327c1dfec6ddbc980cfd85650f20d6,6.736473782461499
f037357014544261767c6ab5b172b246b09d3ddb,7.069807620114362
f037357014544261767c6ab5b172b246b09d3ddb,6.971065146844956
f05838da14ca1dad97a5cc0c58323c6df9153257,8.400498658018506
f05838da14ca1dad97a5cc0c58323c6df9153257,8.835533042844231
f0be3049c99eb84be5aae5352c2f0ccf661e1f43,7.601481096383903
f0be3049c99eb84be5aae5352c2f0ccf661e1f43,7.646886569809666
f0cbea39c26f2cf588e04885ddc1a439564bd782,6.160525706632822
f0cbea39c26f2cf588e04885ddc1a439564bd782,6.403928240987994
f0d74f349e6479eaecf425634f8b0dd51e60d60c,8.049324943525352
f0d74f349e6479eaecf425634f8b0dd51e60d60c,7.991672180400332
f126cb73dbad037e40b322f82b6f40e92a15a595,6.780355279673076
f126cb73dbad037e40b322f82b6f40e92a15a595,6.674721899144218
f1299639d65fd743440958354f22154e171500d0,8.300959428891941
f1299639d65fd743440958354f22154e171500d0,8.300959428891941
f1302a0b13ef669e0d797c1d4106355cc43f7144,8.820260438634959
f1302a0b13ef669e0d797c1d4106355cc43f7144,8.820260438634959
f156718d3970030deec27298f56fc78a00c00f5a,8.842289042856958
f156718d3970030deec27298f56fc78a00c00f5a,6.891275148506464
f18c98fe93f825e2c01296bad47dc072ff70eef1,8.600621723959822
f18c98fe93f825e2c01296bad47dc072ff70eef1,7.185430817378981
f1fb0a22c3c46fe87eaf8bdd97d80ed51436f782,5.954191460338876
f1fb0a22c3c46fe87eaf8bdd97d80ed51436f782,6.740758180580109
f2418c1ba0f63cb975e6d8c26ce4a145b11ad924,7.56403839284898
f2418c1ba0f63cb975e6d8c26ce4a145b11ad924,7.56403839284898
f2c6f4d1250f2570b4dc5edfa7d0952ec4b7194f,9.091659004052994
f2c6f4d1250f2570b4dc5edfa7d0952ec4b7194f,9.091659004052994
f2d54f193cc71d429fd5803b2e4721d012afe568,7.8393229550566375
f2d54f193cc71d429fd5803b2e4721d012afe568,7.769468117337156
f2efe01b5b7d2613529468857009a02a3cc820b6,7.36080040028099
f2efe01b5b7d2613529468857009a02a3cc820b6,7.36080040028099
f35248e9e95942a05313dda4f3a677705d8c651b,7.433012965642409
f35248e9e95942a05313dda4f3a677705d8c651b,6.135365075876574
f38238ea1bfa182b81a7d73d563b61dbf2825754,8.032673467543638
f38238ea1bfa182b81a7d73d563b61dbf2825754,8.032673467543638
f382c8f54d9fc494b6d8cc0751f694f0acbddca2,7.864584254264171
f382c8f54d9fc494b6d8cc0751f694f0acbddca2,7.864584254264171
f3a603f5ad05ee8b8374af6523467f1ee058959e,7.228649576589675
f3a603f5ad05ee8b8374af6523467f1ee058959e,7.108063522834075
f3a7769633f8060ffee4a0295c55ec9be084e3c0,7.860703464670293
f3a7769633f8060ffee4a0295c55ec9be084e3c0,7.802792761002511
f3d6d22e76fc586bffc4f5ac1d73f096f03efa0f,8.07013888472195
f3d6d22e76fc586bffc4f5ac1d73f096f03efa0f,9.309203463905403
f408354e704d901dac2f283fc8242d2787ee4813,9.30337816099929
f408354e704d901dac2f283fc8242d2787ee4813,9.30337816099929
f42621bb38f167d2de3d662cbe897f5fd1234aa3,7.383077888092731
f42621bb38f167d2de3d662cbe897f5fd1234aa3,7.81000175180264
f4367a0ab2083a66a5fa812df89e590d3fd3b5a8,6.0165158741097615
f4367a0ab2083a66a5fa812df89e590d3fd3b5a8,6.0165158741097615
f440f5463ae218aef17a60e9f2ffc7dbbc45dc54,7.810642397597657
f440f5463ae218aef17a60e9f2ffc7dbbc45dc54,7.607985228378958
f459440c7a99294ca9763f332cd9aa09b0c280d6,5.38106762514436
f459440c7a99294ca9763f332cd9aa09b0c280d6,5.413625808431319
f492b1eb37bae60ab4597c161e7b67d9cc9e4dc6,6.8862846456505045
f492b1eb37bae60ab4597c161e7b67d9cc9e4dc6,6.8862846456505045
f4984561cc406867aa796356b6bf10a2091e67fe,7.187188263457909
f4984561cc406867aa796356b6bf10a2091e67fe,7.187188263457909
f4a045088bd0003226023c10214248049d9da90f,6.822687321080894
f4a045088bd0003226023c10214248049d9da90f,6.822687321080894
f4c3f24024c2e96ed13a845b5ad7213143844d9f,7.156766097067488
f4c3f24024c2e96ed13a845b5ad7213143844d9f,7.156766097067488
f4d9301713b16c13c174f19e18d0200175494a79,6.313156583395496
f4d9301713b16c13c174f19e18d0200175494a79,6.731537582386941
f5674c61e82766371ddd913c99e6b70414f4dd55,7.6036039599354375
f5674c61e82766371ddd913c99e6b70414f4dd55,7.755159344836721
f59fe9b15a7762aa5ffb0653396da3f4f2536553,7.268073700379389
f59fe9b15a7762aa5ffb0653396da3f4f2536553,7.996877260962078
f5a2b63a98287f49a07f6101717dd4c1048b9903,7.102854189327388
f5a2b63a98287f49a07f6101717dd4c1048b9903,7.102854189327388
f5ede5df58c2ea59be6b8c8097659bb8c2e9d0e9,7.205466049136863
f5ede5df58c2ea59be6b8c8097659bb8c2e9d0e9,7.6741035017236845
f639cf4aa4008b2bf51b274cc01dede03666150e,6.503446929476354
f639cf4aa4008b2bf51b274cc01dede03666150e,6.503446929476354
f679eb92d1581b842e213a6d2a8a74a0b9ede984,3.2852171497951863
f679eb92d1581b842e213a6d2a8a74a0b9ede984,3.2852171497951863
f6c974c003c063735fb1afcba0aec50acdb89861,6.214149588362139
f6c974c003c063735fb1afcba0aec50acdb89861,6.5888705365653575
f6f5b15522aa9457158ec6d7a16caaacd6cbee42,8.21204476138
f6f5b15522aa9457158ec6d7a16caaacd6cbee42,7.418652564121937
f77371745c51f549f9a641110e52f255aaed0f10,8.815527940724653
f77371745c51f549f9a641110e52f255aaed0f10,8.815527940724653
f78599d53dcb621a631b8dbc0feb5dd63e2aedd3,7.428457770558552
f78599d53dcb621a631b8dbc0feb5dd63e2aedd3,7.428457770558552
f7875ec1207504a229cd9b5ca132437c6bdd6a4d,8.080226765919317
f7875ec1207504a229cd9b5ca132437c6bdd6a4d,7.199840294630085
f7b65fa8dfbc07f71d9e206d1e1fd35b986cab65,7.201174816051004
f7b65fa8dfbc07f71d9e206d1e1fd35b986cab65,7.201174816051004
f7ce1b89f61b8a40a961d7fee02ea31d4b27583a,8.689220086794776
f7ce1b89f61b8a40a961d7fee02ea31d4b27583a,8.689220086794776
f7d331120e9b3a15cf4a0028849bf050846d5d6a,8.24678820814848
f7d331120e9b3a15cf4a0028849bf050846d5d6a,8.36005258098109
f7e7c21b753521a3f4eb226d9c69d71214e183bd,8.426419928426235
f7e7c21b753521a3f4eb226d9c69d71214e183bd,8.305356939907904
f8526194e3d9450a847706ea1c474c9e1a65a3a4,8.845652680319969
f8526194e3d9450a847706ea1c474c9e1a65a3a4,8.845652680319969
f861873a2af44519d0c30b7b390257e28084c360,7.225753957538093
f861873a2af44519d0c30b7b390257e28084c360,7.225753957538093
f86b9fba1d59be7c864d4f23d0c7674113a27cab,7.010425908896053
f86b9fba1d59be7c864d4f23d0c7674113a27cab,7.522272265426921
f8da0aad0792d4f2d30881abdbfd4029dc264842,6.4177384248488
f8da0aad0792d4f2d30881abdbfd4029dc264842,6.4177384248488
f90fb4df43d85aad3ae9602aea19fdb4f47de984,8.87777379632615
f90fb4df43d85aad3ae9602aea19fdb4f47de984,8.87777379632615
f91758fe4f441cd4b7b053a03252b4c50f3d4737,7.9973932056487085
f91758fe4f441cd4b7b053a03252b4c50f3d4737,8.478227630514784
f91b376092344f19705df8873d25aa4a34bafce6,8.184403595233992
f91b376092344f19705df8873d25aa4a34bafce6,8.809558545215324
f92e3ec921384713419dca56d1fe2be1d51f1b54,8.563452503861134
f92e3ec921384713419dca56d1fe2be1d51f1b54,8.563452503861134
f944b947ec651ccf64807b644af38c6f04229bb7,7.749488624684915
f944b947ec651ccf64807b644af38c6f04229bb7,7.749488624684915
f947938c0e7c1345a488d9f17a74331ca6f478dc,8.25450309862558
f947938c0e7c1345a488d9f17a74331ca6f478dc,8.25450309862558
f9491b0ab4aee90c428545e0e315a3af1f827595,9.40966866335106
f9491b0ab4aee90c428545e0e315a3af1f827595,9.226185702880331
f94ac320b67f53eb86a68cf30fcced221092e7fa,6.142208119120297
f94ac320b67f53eb86a68cf30fcced221092e7fa,6.142208119120297
f97b1dbd007f20fea2e262e62433e01ae91da602,5.516676397222253
f97b1dbd007f20fea2e262e62433e01ae91da602,5.048796645027661
f9e06c04dc036b01f65e7f71a9201922f201dade,7.803485979402801
f9e06c04dc036b01f65e7f71a9201922f201dade,8.16906430348195
f9f4d4ef2a3de006bd037db9eb160ab8e51c79f2,8.380761979867312
f9f4d4ef2a3de006bd037db9eb160ab8e51c79f2,8.380761979867312
faab34a8374299678ccf4eaa3628cdba3b65bfa6,6.575847522659015
faab34a8374299678ccf4eaa3628cdba3b65bfa6,6.3163666102532146
fab22b3c9fd685c26953a5ffe073c4aa2a788c7a,7.779627084420352
fab22b3c9fd685c26953a5ffe073c4aa2a788c7a,7.779627084420352
fb0a2834f5f131005e12dc1962056623ee6a7188,7.630193901922698
fb0a2834f5f131005e12dc1962056623ee6a7188,7.630193901922698
fbf5d7997f35a05b4f296b7b70b08866c13db856,7.1598920711714715
fbf5d7997f35a05b4f296b7b70b08866c13db856,7.1598920711714715
fc4d0cb084cf3b98bbe820a9fc36fd437940969e,5.0191452402567736
fc4d0cb084cf3b98bbe820a9fc36fd437940969e,5.0191452402567736
fc83d8b4ec86934a2daa128311afedeb0ca5fd50,9.058846193100306
fc83d8b4ec86934a2daa128311afedeb0ca5fd50,9.24298079402986
fcd6e54df612c033e7a465155046b5223ca4eee3,5.9758730182241475
fcd6e54df612c033e7a465155046b5223ca4eee3,5.9758730182241475
fcdf51cf37b314ebc57038046b859b3172117f4f,6.951823558794361
fcdf51cf37b314ebc57038046b859b3172117f4f,6.951823558794361
fd29d68d81bf469540c56ab7074ad748cd72203c,8.31763308750944
fd29d68d81bf469540c56ab7074ad748cd72203c,7.26762303096225
fe31861a03511f91760de27adfb8803e8ad321b8,7.665960560660838
fe31861a03511f91760de27adfb8803e8ad321b8,7.665960560660838
fe4316169ee8c83567ebc52bc629912ff65f14b6,8.812650759603711
fe4316169ee8c83567ebc52bc629912ff65f14b6,8.812650759603711
fe516d090eef192c93197ed87878da0e23908140,9.60149347031814
fe516d090eef192c93197ed87878da0e23908140,9.60149347031814
fe659e147194c97b69278c8effb4041297398009,4.837430873918284
fe659e147194c97b69278c8effb4041297398009,4.837430873918284
feb8a2859a011c59efd22ed419cb69288fe03627,8.342213640226243
feb8a2859a011c59efd22ed419cb69288fe03627,8.342213640226243
fef4a3263ed9a8ab14d457694bb8fd86ccd98312,8.047470701174635
fef4a3263ed9a8ab14d457694bb8fd86ccd98312,8.539604244380355
ff12d6e2ab80696ed8e22fbe5497e96c68d29076,8.057112922909262
ff12d6e2ab80696ed8e22fbe5497e96c68d29076,8.248531266792492
ff3fa2ec64294f37ae968159f810ebeda7966c51,7.357472562649343
ff3fa2ec64294f37ae968159f810ebeda7966c51,7.357472562649343
ffe872165621d735a48bb5db0c71dd5195cba359,9.353980892386744
ffe872165621d735a48bb5db0c71dd5195cba359,9.353980892386744
